Target,Source
1EXjXQpDx2pROygh8zvHs4,7caiLUNvOLW4Hs2Cb78JeY
6FOpWOxsjQxKEbLiJpU1xV,1EXjXQpDx2pROygh8zvHs4
1EXjXQpDx2pROygh8zvHs4,3E3qsTzCvTX13A1Zrw7Wnf
1EXjXQpDx2pROygh8zvHs4,2wkoKEfS6dXwThbyTnZWFU
0ZHPrnImGh4re3TbSNkoZl,1EXjXQpDx2pROygh8zvHs4
1EXjXQpDx2pROygh8zvHs4,5DUlefCLzVRzNWaNURTFpK
1EXjXQpDx2pROygh8zvHs4,4j0Oi9KU6tQB5SV80mQNHO
1EXjXQpDx2pROygh8zvHs4,4vhNDa5ycK0ST968ek7kRr
1EXjXQpDx2pROygh8zvHs4,13yrUyUFpld9jQtmQkqR5K
7qI2khlNiTuhGMVVaEWzlP,0Z7IzQYoiuCJIDI2c9EHxG
7qI2khlNiTuhGMVVaEWzlP,3Sz7ZnJQBIHsXLUSo0OQtM
0Z7IzQYoiuCJIDI2c9EHxG,3Sz7ZnJQBIHsXLUSo0OQtM
7CKkZZW3XtnPmqlwaElmoV,4DMSJzGjw2SMkKAT5EEE5u
7CKkZZW3XtnPmqlwaElmoV,4exC9EVGcJb6F33htBWbkk
7CKkZZW3XtnPmqlwaElmoV,6CZN3MHeeEXh5PxKZivIa8
7qI2khlNiTuhGMVVaEWzlP,0Z7IzQYoiuCJIDI2c9EHxG
4ptJIIR10UVlGjN0VntFaK,2Jn2Lx4gkmqFZN1t90Vp5N
47mIJdHORyRerp4os813jD,1kfWoWgCugPkyxQP8lkRlY
47mIJdHORyRerp4os813jD,1AhjOkOLkbHUfcHDSErXQs
1kfWoWgCugPkyxQP8lkRlY,1AhjOkOLkbHUfcHDSErXQs
3pIwN0ERwFjm7yfQQXpfyz,47mIJdHORyRerp4os813jD
3dz0NnIZhtKKeXZxLOxCam,47mIJdHORyRerp4os813jD
47mIJdHORyRerp4os813jD,0siBQaURCli5wn2lqv8WZg
47mIJdHORyRerp4os813jD,2rhP3Kd0NJEAVyZfj1gxkR
47mIJdHORyRerp4os813jD,1IfgKXjI3OJpyBqTLMTGw0
2rhP3Kd0NJEAVyZfj1gxkR,1IfgKXjI3OJpyBqTLMTGw0
47mIJdHORyRerp4os813jD,1IfgKXjI3OJpyBqTLMTGw0
47mIJdHORyRerp4os813jD,6nT7RjBCuuggrafnb43vUX
47mIJdHORyRerp4os813jD,4SGDDnlwi5G42HTGzYl2Fc
47mIJdHORyRerp4os813jD,0t9nu4uUtGK24BUkWa5b4R
4SGDDnlwi5G42HTGzYl2Fc,0t9nu4uUtGK24BUkWa5b4R
5QXLMdpKeByOo5ypH9gT13,57nPqD7z62gDdq37US9XJR
5QXLMdpKeByOo5ypH9gT13,47mIJdHORyRerp4os813jD
57nPqD7z62gDdq37US9XJR,47mIJdHORyRerp4os813jD
44TGR1CzjKBxSHsSEy7bi9,57nPqD7z62gDdq37US9XJR
44TGR1CzjKBxSHsSEy7bi9,47mIJdHORyRerp4os813jD
57nPqD7z62gDdq37US9XJR,47mIJdHORyRerp4os813jD
1se3w7gpZkwcJYgHSPDoQ8,57nPqD7z62gDdq37US9XJR
1se3w7gpZkwcJYgHSPDoQ8,47mIJdHORyRerp4os813jD
57nPqD7z62gDdq37US9XJR,47mIJdHORyRerp4os813jD
0CUpzKPDfIVzYqMn47jiV3,57nPqD7z62gDdq37US9XJR
0CUpzKPDfIVzYqMn47jiV3,47mIJdHORyRerp4os813jD
57nPqD7z62gDdq37US9XJR,47mIJdHORyRerp4os813jD
1o2NpYGqHiCq7FoiYdyd1x,57nPqD7z62gDdq37US9XJR
1o2NpYGqHiCq7FoiYdyd1x,47mIJdHORyRerp4os813jD
57nPqD7z62gDdq37US9XJR,47mIJdHORyRerp4os813jD
53XhwfbYqKCa1cC15pYq2q,57nPqD7z62gDdq37US9XJR
53XhwfbYqKCa1cC15pYq2q,47mIJdHORyRerp4os813jD
57nPqD7z62gDdq37US9XJR,47mIJdHORyRerp4os813jD
47mIJdHORyRerp4os813jD,619CzMJPPWrCeZwx5qw6ko
47mIJdHORyRerp4os813jD,0OK6Xs5X1kHs07y68n65CQ
47mIJdHORyRerp4os813jD,6fxyWrfmjcbj5d12gXeiNV
47mIJdHORyRerp4os813jD,6oFs3qk4VepIVFdoD4jmsy
47mIJdHORyRerp4os813jD,5ApQnMT6oR8eLguf24xb9S
47mIJdHORyRerp4os813jD,1igl9M102nuD96lo3ZoW5d
47mIJdHORyRerp4os813jD,0NhKCHTPG7Sz62S3zxV1Cf
47mIJdHORyRerp4os813jD,1bqxdqvUtPWZri43cKHac8
47mIJdHORyRerp4os813jD,5eKLa1xyHLq8ERWmT1CRHj
47mIJdHORyRerp4os813jD,4SGDDnlwi5G42HTGzYl2Fc
47mIJdHORyRerp4os813jD,0zJa53LLSg4TcZ5Lm4zFB8
4SGDDnlwi5G42HTGzYl2Fc,0zJa53LLSg4TcZ5Lm4zFB8
47mIJdHORyRerp4os813jD,6ZgKMPtqbeSTMuQ6FQlxKh
47mIJdHORyRerp4os813jD,0wshRM4FuMv9D0TiCCYAJa
6ZgKMPtqbeSTMuQ6FQlxKh,0wshRM4FuMv9D0TiCCYAJa
47mIJdHORyRerp4os813jD,7oB4pCSzvvRtZka6DxXUfN
47mIJdHORyRerp4os813jD,1l2oLiukA9i5jEtIyNWIEP
47mIJdHORyRerp4os813jD,59Yq0xrABEihHANsfo9QMT
47mIJdHORyRerp4os813jD,2org0PubBAxTvjVvLo9PJ0
47mIJdHORyRerp4os813jD,2zmjYl582zO64LcLQtOEuv
2org0PubBAxTvjVvLo9PJ0,2zmjYl582zO64LcLQtOEuv
47mIJdHORyRerp4os813jD,6eVWXmKBW7Iltub01D9R1c
47mIJdHORyRerp4os813jD,5Cy6BjgpzVTTP4FURizqmQ
6eVWXmKBW7Iltub01D9R1c,5Cy6BjgpzVTTP4FURizqmQ
47mIJdHORyRerp4os813jD,7ieMQQDR0bdBPz572mtxwS
47mIJdHORyRerp4os813jD,0Ye4nfYAA91T1X56gnlXAA
7ieMQQDR0bdBPz572mtxwS,0Ye4nfYAA91T1X56gnlXAA
47mIJdHORyRerp4os813jD,0Ye4nfYAA91T1X56gnlXAA
47mIJdHORyRerp4os813jD,1CF8aEN939swnuIZGFI7Hk
0Ye4nfYAA91T1X56gnlXAA,1CF8aEN939swnuIZGFI7Hk
47mIJdHORyRerp4os813jD,6yhD1KjhLxIETFF7vIRf8B
47mIJdHORyRerp4os813jD,40eCNuH12cyxEcIVObqFrG
6fxyWrfmjcbj5d12gXeiNV,0xukYGKRRwBWS1N9sfCQoq
6fxyWrfmjcbj5d12gXeiNV,4vZ5UD5pIliRPSdHHj9EUp
0xukYGKRRwBWS1N9sfCQoq,4vZ5UD5pIliRPSdHHj9EUp
7sBtBCNVRujQhaHDODkfTN,6oFs3qk4VepIVFdoD4jmsy
7sBtBCNVRujQhaHDODkfTN,57nPqD7z62gDdq37US9XJR
6oFs3qk4VepIVFdoD4jmsy,57nPqD7z62gDdq37US9XJR
0ONHkAv9pCAFxb0zJwDNTy,0Ye4nfYAA91T1X56gnlXAA
0ONHkAv9pCAFxb0zJwDNTy,57nPqD7z62gDdq37US9XJR
0Ye4nfYAA91T1X56gnlXAA,57nPqD7z62gDdq37US9XJR
53XhwfbYqKCa1cC15pYq2q,6U3ybJ9UHNKEdsH7ktGBZ7
53XhwfbYqKCa1cC15pYq2q,57nPqD7z62gDdq37US9XJR
6U3ybJ9UHNKEdsH7ktGBZ7,57nPqD7z62gDdq37US9XJR
4gOc8TsQed9eqnqJct2c5v,2kRfqPViCqYdSGhYSM9R0Q
4gOc8TsQed9eqnqJct2c5v,2AfmfGFbe0A0WsTYm0SDTx
2kRfqPViCqYdSGhYSM9R0Q,2AfmfGFbe0A0WsTYm0SDTx
4gOc8TsQed9eqnqJct2c5v,2AfmfGFbe0A0WsTYm0SDTx
4gOc8TsQed9eqnqJct2c5v,7qd6KGoABHifvXKeFNe2Yb
2AfmfGFbe0A0WsTYm0SDTx,7qd6KGoABHifvXKeFNe2Yb
7xX15v6ahAkcT14kHfB9wB,4obzFoKoKRHIphyHzJ35G3
7xX15v6ahAkcT14kHfB9wB,2YFBOR9KIxC6WqHclkj9Yq
4obzFoKoKRHIphyHzJ35G3,2YFBOR9KIxC6WqHclkj9Yq
4gOc8TsQed9eqnqJct2c5v,2kRfqPViCqYdSGhYSM9R0Q
4gOc8TsQed9eqnqJct2c5v,2AfmfGFbe0A0WsTYm0SDTx
2kRfqPViCqYdSGhYSM9R0Q,2AfmfGFbe0A0WsTYm0SDTx
5nGIFgo0shDenQYSE0Sn7c,378dH6EszOLFShpRzAQkVM
687cZJR45JO7jhk1LHIbgq,3tlXnStJ1fFhdScmQeLpuG
3tlXnStJ1fFhdScmQeLpuG,5BozIJTTNCufaZpjhy2der
3tlXnStJ1fFhdScmQeLpuG,17lzZA2AlOHwCwFALHttmp
4sb7rZNN93BSS6Gqgepo4v,3crnzLy8R4lVwaigKEOz7V
48Py72qV4J4hzvJXXRDNz0,6OX5wzwU4oSGGNqcOVDrrL
39yVoqm6sYFvvqF1RciUVf,4vhNDa5ycK0ST968ek7kRr
39yVoqm6sYFvvqF1RciUVf,7mWCSSOYqm4E9mB7V4ot6S
39yVoqm6sYFvvqF1RciUVf,0vR2qb8m9WHeZ5ByCbimq2
39yVoqm6sYFvvqF1RciUVf,5lODCkFdEtpPn3YxfmyLfT
39yVoqm6sYFvvqF1RciUVf,15YnmlNukYCFvwaFnoDwwV
39yVoqm6sYFvvqF1RciUVf,5RwfJb8wxN1fuodcPORVxP
39yVoqm6sYFvvqF1RciUVf,1r4hJ1h58CWwUQe3MxPuau
39yVoqm6sYFvvqF1RciUVf,4jogXSSvlyMkODGSZ2wc2P
1r4hJ1h58CWwUQe3MxPuau,4jogXSSvlyMkODGSZ2wc2P
39yVoqm6sYFvvqF1RciUVf,1r4hJ1h58CWwUQe3MxPuau
39yVoqm6sYFvvqF1RciUVf,4obzFoKoKRHIphyHzJ35G3
39yVoqm6sYFvvqF1RciUVf,4QVBYiagIaa6ZGSPMbybpy
4obzFoKoKRHIphyHzJ35G3,4QVBYiagIaa6ZGSPMbybpy
4OgNARLQSC4yy7Dsa5cqxx,39yVoqm6sYFvvqF1RciUVf
4OgNARLQSC4yy7Dsa5cqxx,2tYwhzzfvvDr29BbBFcHhB
39yVoqm6sYFvvqF1RciUVf,2tYwhzzfvvDr29BbBFcHhB
0j8QSBQZ9MNSGjHr1Vll1R,39yVoqm6sYFvvqF1RciUVf
0j8QSBQZ9MNSGjHr1Vll1R,39yVoqm6sYFvvqF1RciUVf
63xFjf6Ww22O5gHrBP79G9,39yVoqm6sYFvvqF1RciUVf
6AcOTCYBMvjKYy4zms0kaC,39yVoqm6sYFvvqF1RciUVf
15YnmlNukYCFvwaFnoDwwV,39yVoqm6sYFvvqF1RciUVf
4aeIWo5CMF1uRmqgJdwkZW,6mR7YwqzUTv6hnbySnXIEO
4aeIWo5CMF1uRmqgJdwkZW,5soMpG6E6oApEiCZgrWeVz
6mR7YwqzUTv6hnbySnXIEO,5soMpG6E6oApEiCZgrWeVz
3CsPxFJGyNa9ep79CFWN77,0ZCO8oVkMj897cKgFH7fRW
0ghlgldX5Dd6720Q3qFyQB,6ASri4ePR7RlsvIQgWPJpS
3XcCT5MPlQPWFTJyzXbfuX,6ASri4ePR7RlsvIQgWPJpS
3XcCT5MPlQPWFTJyzXbfuX,4rtX2hxqvqi1IMDmA8dVDD
6ASri4ePR7RlsvIQgWPJpS,4rtX2hxqvqi1IMDmA8dVDD
6ASri4ePR7RlsvIQgWPJpS,6TIYQ3jFPwQSRmorSezPxX
6ASri4ePR7RlsvIQgWPJpS,4exLIFE8sISLr28sqG1qNX
6TIYQ3jFPwQSRmorSezPxX,4exLIFE8sISLr28sqG1qNX
6ASri4ePR7RlsvIQgWPJpS,4O15NlyKLIASxsJ0PrXPfz
6fWVd57NKTalqvmjRd2t8Z,6ASri4ePR7RlsvIQgWPJpS
6ASri4ePR7RlsvIQgWPJpS,1NzIfDPUv5QYRXOtv13PRI
6fWVd57NKTalqvmjRd2t8Z,6ASri4ePR7RlsvIQgWPJpS
6fWVd57NKTalqvmjRd2t8Z,1NzIfDPUv5QYRXOtv13PRI
6ASri4ePR7RlsvIQgWPJpS,1NzIfDPUv5QYRXOtv13PRI
45eNHdiiabvmbp4erw26rg,6ASri4ePR7RlsvIQgWPJpS
6MDME20pz9RveH9rEXvrOM,6ASri4ePR7RlsvIQgWPJpS
6MDME20pz9RveH9rEXvrOM,2gduEC76ry33RVurAvT05p
6ASri4ePR7RlsvIQgWPJpS,2gduEC76ry33RVurAvT05p
6xBZgSMsnKVmaAxzWEwMSD,6ASri4ePR7RlsvIQgWPJpS
6xBZgSMsnKVmaAxzWEwMSD,1294QqYm1VuxxjRiL9M0h9
6ASri4ePR7RlsvIQgWPJpS,1294QqYm1VuxxjRiL9M0h9
6MDME20pz9RveH9rEXvrOM,6ASri4ePR7RlsvIQgWPJpS
03i0YtDLk0dFQpVMNCYO9L,6ASri4ePR7RlsvIQgWPJpS
6MPCFvOQv5cIGfw3jODMF0,6ASri4ePR7RlsvIQgWPJpS
6MPCFvOQv5cIGfw3jODMF0,7d3WFRME3vBY2cgoP38RDo
6ASri4ePR7RlsvIQgWPJpS,7d3WFRME3vBY2cgoP38RDo
7vSY9HEreOqb1Llar3UC38,6ASri4ePR7RlsvIQgWPJpS
6ASri4ePR7RlsvIQgWPJpS,2hlmm7s2ICUX0LVIhVFlZQ
6ASri4ePR7RlsvIQgWPJpS,6Xgp2XMz1fhVYe7i6yNAax
2XCTQAjdYBcZPpiv8KE04B,4ebvDWiGAQhfTUUJtXCx0b
45eNHdiiabvmbp4erw26rg,7gHscNMDI8FF8pcgrV8eIn
45eNHdiiabvmbp4erw26rg,6eVWXmKBW7Iltub01D9R1c
45eNHdiiabvmbp4erw26rg,757FXqX0Osk2pqtgv4E5v4
6eVWXmKBW7Iltub01D9R1c,757FXqX0Osk2pqtgv4E5v4
6MDME20pz9RveH9rEXvrOM,73jBynjsVtofjRpdpRAJGk
45eNHdiiabvmbp4erw26rg,72iCiKwu6nu6Qq9emIwzYv
45eNHdiiabvmbp4erw26rg,2nm38smINjms1LtczR0Cei
6MDME20pz9RveH9rEXvrOM,09agIJMxCD2k87ys9Al0f0
45eNHdiiabvmbp4erw26rg,20gsENnposVs2I4rQ5kvrf
6MDME20pz9RveH9rEXvrOM,7xBGi7Eign0fX7jGQj5KlJ
6fWVd57NKTalqvmjRd2t8Z,1uNFoZAHBGtllmzznpCI3s
6fWVd57NKTalqvmjRd2t8Z,1vyhD5VmyZ7KMfW5gqLgo5
1uNFoZAHBGtllmzznpCI3s,1vyhD5VmyZ7KMfW5gqLgo5
1wZtkThiXbVNtj6hee6dz9,37230BxxYs9ksS7OkZw3IU
1pQWsZQehhS4wavwh7Fnxd,37230BxxYs9ksS7OkZw3IU
1pQWsZQehhS4wavwh7Fnxd,4bw2Am3p9ji3mYsXNXtQcd
37230BxxYs9ksS7OkZw3IU,4bw2Am3p9ji3mYsXNXtQcd
3fZk3Gm5dN5v5yfYMQ04Bx,3EiLUeyEcA6fbRPSHkG5kb
3fZk3Gm5dN5v5yfYMQ04Bx,37230BxxYs9ksS7OkZw3IU
3EiLUeyEcA6fbRPSHkG5kb,37230BxxYs9ksS7OkZw3IU
1r4hJ1h58CWwUQe3MxPuau,37230BxxYs9ksS7OkZw3IU
0qTZZWLzuD59Un5r1speHm,37230BxxYs9ksS7OkZw3IU
0qTZZWLzuD59Un5r1speHm,2R21vXR83lH98kGeO99Y66
37230BxxYs9ksS7OkZw3IU,2R21vXR83lH98kGeO99Y66
1mcTU81TzQhprhouKaTkpq,37230BxxYs9ksS7OkZw3IU
37230BxxYs9ksS7OkZw3IU,2LmcxBak1alK1bf7d1beTr
0n6sKrG0xKAf8xmdqeNGke,3E6xrwgnVfYCrCs0ePERDz
0n6sKrG0xKAf8xmdqeNGke,37230BxxYs9ksS7OkZw3IU
3E6xrwgnVfYCrCs0ePERDz,37230BxxYs9ksS7OkZw3IU
2oQX8QiMXOyuqbcZEFsZfm,329e4yvIujISKGKz1BZZbO
2oQX8QiMXOyuqbcZEFsZfm,37230BxxYs9ksS7OkZw3IU
329e4yvIujISKGKz1BZZbO,37230BxxYs9ksS7OkZw3IU
1GKIlPFdcewHtpDVCQ8zmJ,37230BxxYs9ksS7OkZw3IU
1pf0MPKfKdvS8J779mS1Ay,0GM7qgcRCORpGnfcN2tCiB
1pf0MPKfKdvS8J779mS1Ay,37230BxxYs9ksS7OkZw3IU
0GM7qgcRCORpGnfcN2tCiB,37230BxxYs9ksS7OkZw3IU
1GAymyGBvB4gQy5Z5LZ1Wj,37230BxxYs9ksS7OkZw3IU
1GAymyGBvB4gQy5Z5LZ1Wj,6w3SkAHYPsQ1bxV7VDlG5y
37230BxxYs9ksS7OkZw3IU,6w3SkAHYPsQ1bxV7VDlG5y
3fZk3Gm5dN5v5yfYMQ04Bx,4SsVbpTthjScTS7U2hmr1X
3fZk3Gm5dN5v5yfYMQ04Bx,37230BxxYs9ksS7OkZw3IU
4SsVbpTthjScTS7U2hmr1X,37230BxxYs9ksS7OkZw3IU
5bWUlnPx9OYKsLiUJrhCA1,3E6xrwgnVfYCrCs0ePERDz
5bWUlnPx9OYKsLiUJrhCA1,37230BxxYs9ksS7OkZw3IU
3E6xrwgnVfYCrCs0ePERDz,37230BxxYs9ksS7OkZw3IU
37230BxxYs9ksS7OkZw3IU,1GDbiv3spRmZ1XdM1jQbT7
37230BxxYs9ksS7OkZw3IU,14zUHaJZo1mnYtn6IBRaRP
1GDbiv3spRmZ1XdM1jQbT7,14zUHaJZo1mnYtn6IBRaRP
1mcTU81TzQhprhouKaTkpq,37230BxxYs9ksS7OkZw3IU
1mcTU81TzQhprhouKaTkpq,4QrBoWLm2WNlPdbFhmlaUZ
37230BxxYs9ksS7OkZw3IU,4QrBoWLm2WNlPdbFhmlaUZ
5bWUlnPx9OYKsLiUJrhCA1,3E6xrwgnVfYCrCs0ePERDz
5bWUlnPx9OYKsLiUJrhCA1,37230BxxYs9ksS7OkZw3IU
3E6xrwgnVfYCrCs0ePERDz,37230BxxYs9ksS7OkZw3IU
0KPX4Ucy9dk82uj4GpKesn,1pQWsZQehhS4wavwh7Fnxd
0KPX4Ucy9dk82uj4GpKesn,37230BxxYs9ksS7OkZw3IU
1pQWsZQehhS4wavwh7Fnxd,37230BxxYs9ksS7OkZw3IU
4QrBoWLm2WNlPdbFhmlaUZ,329e4yvIujISKGKz1BZZbO
4QrBoWLm2WNlPdbFhmlaUZ,37230BxxYs9ksS7OkZw3IU
329e4yvIujISKGKz1BZZbO,37230BxxYs9ksS7OkZw3IU
4QrBoWLm2WNlPdbFhmlaUZ,329e4yvIujISKGKz1BZZbO
4QrBoWLm2WNlPdbFhmlaUZ,37230BxxYs9ksS7OkZw3IU
329e4yvIujISKGKz1BZZbO,37230BxxYs9ksS7OkZw3IU
1GDbiv3spRmZ1XdM1jQbT7,37230BxxYs9ksS7OkZw3IU
37230BxxYs9ksS7OkZw3IU,1pf0MPKfKdvS8J779mS1Ay
1mcTU81TzQhprhouKaTkpq,37230BxxYs9ksS7OkZw3IU
2jSGzJw0ebJLu7OLVSOcBP,37230BxxYs9ksS7OkZw3IU
3E6xrwgnVfYCrCs0ePERDz,0n6sKrG0xKAf8xmdqeNGke
47MpMsUfWtgyIIBEFOr4FE,7iK8PXO48WeuP03g8YR51W
47MpMsUfWtgyIIBEFOr4FE,1i8SpTcr7yvPOmcqrbnVXY
7iK8PXO48WeuP03g8YR51W,1i8SpTcr7yvPOmcqrbnVXY
3E6xrwgnVfYCrCs0ePERDz,0eHQ9o50hj6ZDNBt6Ys1sD
3E6xrwgnVfYCrCs0ePERDz,329e4yvIujISKGKz1BZZbO
0eHQ9o50hj6ZDNBt6Ys1sD,329e4yvIujISKGKz1BZZbO
1fux65HMCBvfJHqlBc4Nno,3qsKSpcV3ncke3hw52JSMB
1fux65HMCBvfJHqlBc4Nno,3eOWhN0q9wQ90g8NcmfZbV
1fux65HMCBvfJHqlBc4Nno,17SY5q1CMOZJBRuPcKWwPI
3eOWhN0q9wQ90g8NcmfZbV,17SY5q1CMOZJBRuPcKWwPI
1fux65HMCBvfJHqlBc4Nno,6w9ToX5slZ4uIdmD17hJ3c
1fux65HMCBvfJHqlBc4Nno,2oT7xd9iTO2ejLsNGIMa5f
6w9ToX5slZ4uIdmD17hJ3c,2oT7xd9iTO2ejLsNGIMa5f
6EPlBSH2RSiettczlz7ihV,38epWdyauFwdRkldqUMfWE
6EPlBSH2RSiettczlz7ihV,1fux65HMCBvfJHqlBc4Nno
38epWdyauFwdRkldqUMfWE,1fux65HMCBvfJHqlBc4Nno
1fux65HMCBvfJHqlBc4Nno,5hdhHgpxyniooUiQVaPxQ0
1fux65HMCBvfJHqlBc4Nno,21451j1KhjAiaYKflxBjr1
5hdhHgpxyniooUiQVaPxQ0,21451j1KhjAiaYKflxBjr1
4SsVbpTthjScTS7U2hmr1X,5hdhHgpxyniooUiQVaPxQ0
4SsVbpTthjScTS7U2hmr1X,1fux65HMCBvfJHqlBc4Nno
5hdhHgpxyniooUiQVaPxQ0,1fux65HMCBvfJHqlBc4Nno
1lgtR3WlcFxEy6yPoOh0J2,1fux65HMCBvfJHqlBc4Nno
1fux65HMCBvfJHqlBc4Nno,2LmcxBak1alK1bf7d1beTr
1fux65HMCBvfJHqlBc4Nno,2oT7xd9iTO2ejLsNGIMa5f
2LmcxBak1alK1bf7d1beTr,2oT7xd9iTO2ejLsNGIMa5f
384MqcXCGGFh9UcjI5Tpc5,1fux65HMCBvfJHqlBc4Nno
384MqcXCGGFh9UcjI5Tpc5,0jaakjO6cMB5cJLeoa5aV2
1fux65HMCBvfJHqlBc4Nno,0jaakjO6cMB5cJLeoa5aV2
1fux65HMCBvfJHqlBc4Nno,4SsVbpTthjScTS7U2hmr1X
1fux65HMCBvfJHqlBc4Nno,2oT7xd9iTO2ejLsNGIMa5f
4SsVbpTthjScTS7U2hmr1X,2oT7xd9iTO2ejLsNGIMa5f
1fux65HMCBvfJHqlBc4Nno,1TtXnWcUs0FCkaZDPGYHdf
1fux65HMCBvfJHqlBc4Nno,2oT7xd9iTO2ejLsNGIMa5f
1TtXnWcUs0FCkaZDPGYHdf,2oT7xd9iTO2ejLsNGIMa5f
03Enzet8KLMkjdeQnbqbmn,5hdhHgpxyniooUiQVaPxQ0
03Enzet8KLMkjdeQnbqbmn,1fux65HMCBvfJHqlBc4Nno
5hdhHgpxyniooUiQVaPxQ0,1fux65HMCBvfJHqlBc4Nno
1QivQCLVipV61DiQiyV14A,1fux65HMCBvfJHqlBc4Nno
1QivQCLVipV61DiQiyV14A,1Ts9of7VPZElwPQnqnDSfW
1fux65HMCBvfJHqlBc4Nno,1Ts9of7VPZElwPQnqnDSfW
5hdhHgpxyniooUiQVaPxQ0,1fux65HMCBvfJHqlBc4Nno
5hdhHgpxyniooUiQVaPxQ0,1i8SpTcr7yvPOmcqrbnVXY
1fux65HMCBvfJHqlBc4Nno,1i8SpTcr7yvPOmcqrbnVXY
1fux65HMCBvfJHqlBc4Nno,2oT7xd9iTO2ejLsNGIMa5f
7lCRuW6BSXGAsxuQV9lR0i,5hdhHgpxyniooUiQVaPxQ0
7lCRuW6BSXGAsxuQV9lR0i,1fux65HMCBvfJHqlBc4Nno
5hdhHgpxyniooUiQVaPxQ0,1fux65HMCBvfJHqlBc4Nno
5hdhHgpxyniooUiQVaPxQ0,1fux65HMCBvfJHqlBc4Nno
5hdhHgpxyniooUiQVaPxQ0,2oT7xd9iTO2ejLsNGIMa5f
1fux65HMCBvfJHqlBc4Nno,2oT7xd9iTO2ejLsNGIMa5f
2oT7xd9iTO2ejLsNGIMa5f,5hdhHgpxyniooUiQVaPxQ0
2oT7xd9iTO2ejLsNGIMa5f,1fux65HMCBvfJHqlBc4Nno
5hdhHgpxyniooUiQVaPxQ0,1fux65HMCBvfJHqlBc4Nno
5hdhHgpxyniooUiQVaPxQ0,1fux65HMCBvfJHqlBc4Nno
5hdhHgpxyniooUiQVaPxQ0,1ackd5XprZEkH3McKbQD51
1fux65HMCBvfJHqlBc4Nno,1ackd5XprZEkH3McKbQD51
05cgS2xJt75RhmFWgpgfE7,1fux65HMCBvfJHqlBc4Nno
5hdhHgpxyniooUiQVaPxQ0,1fux65HMCBvfJHqlBc4Nno
4riOEaOW5hCeqomFDBk0aP,1fux65HMCBvfJHqlBc4Nno
6XFITTl7cFTdopDY3lUdlY,1fux65HMCBvfJHqlBc4Nno
1fux65HMCBvfJHqlBc4Nno,2R21vXR83lH98kGeO99Y66
1fux65HMCBvfJHqlBc4Nno,4QrBoWLm2WNlPdbFhmlaUZ
1fux65HMCBvfJHqlBc4Nno,2XcZshqzPKm3iZcmt73R8D
4QrBoWLm2WNlPdbFhmlaUZ,2XcZshqzPKm3iZcmt73R8D
5cDfQlhT80II3f2ECXm6oA,5hdhHgpxyniooUiQVaPxQ0
5cDfQlhT80II3f2ECXm6oA,1fux65HMCBvfJHqlBc4Nno
5hdhHgpxyniooUiQVaPxQ0,1fux65HMCBvfJHqlBc4Nno
1fux65HMCBvfJHqlBc4Nno,2qbEtwBVyobgpNP5KcHE9J
1fux65HMCBvfJHqlBc4Nno,1vNmNCd2Xo6borEIi7R28T
1fux65HMCBvfJHqlBc4Nno,1mcTU81TzQhprhouKaTkpq
1fux65HMCBvfJHqlBc4Nno,2DspEsT7UXGKd2VaaedgG4
1fux65HMCBvfJHqlBc4Nno,6w9ToX5slZ4uIdmD17hJ3c
2DspEsT7UXGKd2VaaedgG4,6w9ToX5slZ4uIdmD17hJ3c
59AwfIz27MGfHEaxKeJUpS,1fux65HMCBvfJHqlBc4Nno
59AwfIz27MGfHEaxKeJUpS,4SsVbpTthjScTS7U2hmr1X
1fux65HMCBvfJHqlBc4Nno,4SsVbpTthjScTS7U2hmr1X
5hdhHgpxyniooUiQVaPxQ0,1fux65HMCBvfJHqlBc4Nno
5hdhHgpxyniooUiQVaPxQ0,7a9gFzWS5uEHtbNNgA6xyM
1fux65HMCBvfJHqlBc4Nno,7a9gFzWS5uEHtbNNgA6xyM
1FuJ52kzTUVS0HITGdgkLD,0wWmUneAuhQn9L3qibj5UO
1FuJ52kzTUVS0HITGdgkLD,1fux65HMCBvfJHqlBc4Nno
0wWmUneAuhQn9L3qibj5UO,1fux65HMCBvfJHqlBc4Nno
1fux65HMCBvfJHqlBc4Nno,4QrBoWLm2WNlPdbFhmlaUZ
7cwVb5v5UxYfwq2m49T8fy,2QUvtLq6oQaX0LNsYY2fas
7cwVb5v5UxYfwq2m49T8fy,1fux65HMCBvfJHqlBc4Nno
2QUvtLq6oQaX0LNsYY2fas,1fux65HMCBvfJHqlBc4Nno
5hdhHgpxyniooUiQVaPxQ0,1fux65HMCBvfJHqlBc4Nno
5hdhHgpxyniooUiQVaPxQ0,1TtXnWcUs0FCkaZDPGYHdf
1fux65HMCBvfJHqlBc4Nno,1TtXnWcUs0FCkaZDPGYHdf
65jIUih0ZeTUJhSTRuYxpi,1fux65HMCBvfJHqlBc4Nno
62lbdm09j0QUbWB7SqCJvt,5hdhHgpxyniooUiQVaPxQ0
62lbdm09j0QUbWB7SqCJvt,1fux65HMCBvfJHqlBc4Nno
5hdhHgpxyniooUiQVaPxQ0,1fux65HMCBvfJHqlBc4Nno
1fux65HMCBvfJHqlBc4Nno,2R21vXR83lH98kGeO99Y66
4zOhMWD0LoBe2nP7s9cHhX,5hdhHgpxyniooUiQVaPxQ0
4zOhMWD0LoBe2nP7s9cHhX,1fux65HMCBvfJHqlBc4Nno
5hdhHgpxyniooUiQVaPxQ0,1fux65HMCBvfJHqlBc4Nno
3eOWhN0q9wQ90g8NcmfZbV,1fux65HMCBvfJHqlBc4Nno
0EFisYRi20PTADoJrifHrz,5hdhHgpxyniooUiQVaPxQ0
0EFisYRi20PTADoJrifHrz,1fux65HMCBvfJHqlBc4Nno
5hdhHgpxyniooUiQVaPxQ0,1fux65HMCBvfJHqlBc4Nno
0KKUc4amZyvswV2YL6WTar,1fux65HMCBvfJHqlBc4Nno
1fux65HMCBvfJHqlBc4Nno,2LmcxBak1alK1bf7d1beTr
1fux65HMCBvfJHqlBc4Nno,5hdhHgpxyniooUiQVaPxQ0
1fux65HMCBvfJHqlBc4Nno,00me4Ke1LsvMxt5kydlMyU
5hdhHgpxyniooUiQVaPxQ0,00me4Ke1LsvMxt5kydlMyU
7iK8PXO48WeuP03g8YR51W,1fux65HMCBvfJHqlBc4Nno
7iK8PXO48WeuP03g8YR51W,6ieK9Ddas29reReO60on3o
1fux65HMCBvfJHqlBc4Nno,6ieK9Ddas29reReO60on3o
1fux65HMCBvfJHqlBc4Nno,2qbEtwBVyobgpNP5KcHE9J
0KKUc4amZyvswV2YL6WTar,1fux65HMCBvfJHqlBc4Nno
5hdhHgpxyniooUiQVaPxQ0,1fux65HMCBvfJHqlBc4Nno
5hdhHgpxyniooUiQVaPxQ0,1TtXnWcUs0FCkaZDPGYHdf
1fux65HMCBvfJHqlBc4Nno,1TtXnWcUs0FCkaZDPGYHdf
6XFITTl7cFTdopDY3lUdlY,0FDJB5xf8i09jDjIg1qNED
6XFITTl7cFTdopDY3lUdlY,1fux65HMCBvfJHqlBc4Nno
0FDJB5xf8i09jDjIg1qNED,1fux65HMCBvfJHqlBc4Nno
1fux65HMCBvfJHqlBc4Nno,2wYOpkTJZGByNEOjEnSmoW
0QEgflaxe34AiHVfGvoOur,1fux65HMCBvfJHqlBc4Nno
0QEgflaxe34AiHVfGvoOur,658X86qMyJpSRY87oPvExU
1fux65HMCBvfJHqlBc4Nno,658X86qMyJpSRY87oPvExU
6paE2t0If1wcufBS2OE0b3,62lbdm09j0QUbWB7SqCJvt
6paE2t0If1wcufBS2OE0b3,1fux65HMCBvfJHqlBc4Nno
62lbdm09j0QUbWB7SqCJvt,1fux65HMCBvfJHqlBc4Nno
5hdhHgpxyniooUiQVaPxQ0,1fux65HMCBvfJHqlBc4Nno
2DspEsT7UXGKd2VaaedgG4,1fux65HMCBvfJHqlBc4Nno
6nVcHLIgY5pE2YCl8ubca1,5hdhHgpxyniooUiQVaPxQ0
6nVcHLIgY5pE2YCl8ubca1,1fux65HMCBvfJHqlBc4Nno
5hdhHgpxyniooUiQVaPxQ0,1fux65HMCBvfJHqlBc4Nno
3PAwspMN27PDm81WwXDsMf,5hdhHgpxyniooUiQVaPxQ0
3PAwspMN27PDm81WwXDsMf,1fux65HMCBvfJHqlBc4Nno
5hdhHgpxyniooUiQVaPxQ0,1fux65HMCBvfJHqlBc4Nno
12vb80Km0Ew53ABfJOepVz,1fux65HMCBvfJHqlBc4Nno
12vb80Km0Ew53ABfJOepVz,17vZy9fIIt6woqdWfc7UCy
1fux65HMCBvfJHqlBc4Nno,17vZy9fIIt6woqdWfc7UCy
1fux65HMCBvfJHqlBc4Nno,5hdhHgpxyniooUiQVaPxQ0
1fux65HMCBvfJHqlBc4Nno,1TtXnWcUs0FCkaZDPGYHdf
5hdhHgpxyniooUiQVaPxQ0,1TtXnWcUs0FCkaZDPGYHdf
5hdhHgpxyniooUiQVaPxQ0,1fux65HMCBvfJHqlBc4Nno
5hdhHgpxyniooUiQVaPxQ0,4q3ewBCX7sLwd24euuV69X
1fux65HMCBvfJHqlBc4Nno,4q3ewBCX7sLwd24euuV69X
1fux65HMCBvfJHqlBc4Nno,5hdhHgpxyniooUiQVaPxQ0
1fux65HMCBvfJHqlBc4Nno,1TtXnWcUs0FCkaZDPGYHdf
5hdhHgpxyniooUiQVaPxQ0,1TtXnWcUs0FCkaZDPGYHdf
7Bb4i0RT3zaudzb8KvxTUQ,1fux65HMCBvfJHqlBc4Nno
17vZy9fIIt6woqdWfc7UCy,4SzD0wClEg9NKVJZbCRFqS
17vZy9fIIt6woqdWfc7UCy,1fux65HMCBvfJHqlBc4Nno
4SzD0wClEg9NKVJZbCRFqS,1fux65HMCBvfJHqlBc4Nno
5hdhHgpxyniooUiQVaPxQ0,1TtXnWcUs0FCkaZDPGYHdf
5hdhHgpxyniooUiQVaPxQ0,1fux65HMCBvfJHqlBc4Nno
1TtXnWcUs0FCkaZDPGYHdf,1fux65HMCBvfJHqlBc4Nno
1fux65HMCBvfJHqlBc4Nno,5hdhHgpxyniooUiQVaPxQ0
1fux65HMCBvfJHqlBc4Nno,5hdhHgpxyniooUiQVaPxQ0
6AGdwtcgVgS9ecOpNfZCed,1fux65HMCBvfJHqlBc4Nno
6AGdwtcgVgS9ecOpNfZCed,4zhRp8eBXDLLmToDwAsLgK
1fux65HMCBvfJHqlBc4Nno,4zhRp8eBXDLLmToDwAsLgK
7Bb4i0RT3zaudzb8KvxTUQ,1fux65HMCBvfJHqlBc4Nno
6EPlBSH2RSiettczlz7ihV,1tG7s7S4sq2eFFW0QZyLbm
6TKygPpVT29oGUogu4J9Ec,00XhexlJEXQstHimpZN910
6TKygPpVT29oGUogu4J9Ec,5hdhHgpxyniooUiQVaPxQ0
00XhexlJEXQstHimpZN910,5hdhHgpxyniooUiQVaPxQ0
62lbdm09j0QUbWB7SqCJvt,3ZiDknOvJlekwjqM020usd
62lbdm09j0QUbWB7SqCJvt,1pQWsZQehhS4wavwh7Fnxd
62lbdm09j0QUbWB7SqCJvt,00XhexlJEXQstHimpZN910
1pQWsZQehhS4wavwh7Fnxd,00XhexlJEXQstHimpZN910
2iI5KWXLjw1tqLQsdjuo0e,2oQX8QiMXOyuqbcZEFsZfm
2iI5KWXLjw1tqLQsdjuo0e,5hdhHgpxyniooUiQVaPxQ0
2oQX8QiMXOyuqbcZEFsZfm,5hdhHgpxyniooUiQVaPxQ0
2cPqdH7XMvwaBJEVjheH8g,2ydZrTy8U3kOMOzx20s3dg
3eOWhN0q9wQ90g8NcmfZbV,2qbEtwBVyobgpNP5KcHE9J
3eOWhN0q9wQ90g8NcmfZbV,12vb80Km0Ew53ABfJOepVz
2qbEtwBVyobgpNP5KcHE9J,12vb80Km0Ew53ABfJOepVz
7Bb4i0RT3zaudzb8KvxTUQ,2XcZshqzPKm3iZcmt73R8D
7Bb4i0RT3zaudzb8KvxTUQ,6J4e8oWHITp1msfeyZg66B
2XcZshqzPKm3iZcmt73R8D,6J4e8oWHITp1msfeyZg66B
6XFITTl7cFTdopDY3lUdlY,2LmcxBak1alK1bf7d1beTr
6XFITTl7cFTdopDY3lUdlY,5hdhHgpxyniooUiQVaPxQ0
2LmcxBak1alK1bf7d1beTr,5hdhHgpxyniooUiQVaPxQ0
6XFITTl7cFTdopDY3lUdlY,0FDJB5xf8i09jDjIg1qNED
1jsB2W4c9zTq9ilGXegrDM,6XFITTl7cFTdopDY3lUdlY
1jsB2W4c9zTq9ilGXegrDM,7qYeIN2r4H1kBvr0Gm9Iav
6XFITTl7cFTdopDY3lUdlY,7qYeIN2r4H1kBvr0Gm9Iav
2QUvtLq6oQaX0LNsYY2fas,3RtNN1VnooWEn3KQk03DUL
2QUvtLq6oQaX0LNsYY2fas,4IMAo2UQchVFyPH24PAjUs
3RtNN1VnooWEn3KQk03DUL,4IMAo2UQchVFyPH24PAjUs
4z19QMyPVRwbd4Fs2LisBa,2LmcxBak1alK1bf7d1beTr
5hdhHgpxyniooUiQVaPxQ0,1mcTU81TzQhprhouKaTkpq
5hdhHgpxyniooUiQVaPxQ0,1pQWsZQehhS4wavwh7Fnxd
1mcTU81TzQhprhouKaTkpq,1pQWsZQehhS4wavwh7Fnxd
6ZK8loFAzWKSFe3b7Lrq4V,12vb80Km0Ew53ABfJOepVz
6ZK8loFAzWKSFe3b7Lrq4V,2ylJfwCn0qxYK0SGf2D6py
12vb80Km0Ew53ABfJOepVz,2ylJfwCn0qxYK0SGf2D6py
3G4pXAjrOBC9KtV3GDb9iI,2wYOpkTJZGByNEOjEnSmoW
6AGdwtcgVgS9ecOpNfZCed,1GKIlPFdcewHtpDVCQ8zmJ
6AGdwtcgVgS9ecOpNfZCed,4zhRp8eBXDLLmToDwAsLgK
1GKIlPFdcewHtpDVCQ8zmJ,4zhRp8eBXDLLmToDwAsLgK
1TtXnWcUs0FCkaZDPGYHdf,4SzD0wClEg9NKVJZbCRFqS
1TtXnWcUs0FCkaZDPGYHdf,128ftF9X7Kd7Di2fq3wYVs
4SzD0wClEg9NKVJZbCRFqS,128ftF9X7Kd7Di2fq3wYVs
5hdhHgpxyniooUiQVaPxQ0,5bxvRFzv422Kb3MY1YUBE1
5hdhHgpxyniooUiQVaPxQ0,1TtXnWcUs0FCkaZDPGYHdf
5bxvRFzv422Kb3MY1YUBE1,1TtXnWcUs0FCkaZDPGYHdf
6AGdwtcgVgS9ecOpNfZCed,5hdhHgpxyniooUiQVaPxQ0
6AGdwtcgVgS9ecOpNfZCed,2biH2I1TvZlIIIc5W14oIJ
5hdhHgpxyniooUiQVaPxQ0,2biH2I1TvZlIIIc5W14oIJ
2R21vXR83lH98kGeO99Y66,17vZy9fIIt6woqdWfc7UCy
2R21vXR83lH98kGeO99Y66,12vb80Km0Ew53ABfJOepVz
17vZy9fIIt6woqdWfc7UCy,12vb80Km0Ew53ABfJOepVz
65jIUih0ZeTUJhSTRuYxpi,00XhexlJEXQstHimpZN910
00XhexlJEXQstHimpZN910,69rKeAJskb3IsfZJUcoqan
3HH6yOn1yJNZo3RY5zEfy5,2cPqdH7XMvwaBJEVjheH8g
3HH6yOn1yJNZo3RY5zEfy5,00XhexlJEXQstHimpZN910
2cPqdH7XMvwaBJEVjheH8g,00XhexlJEXQstHimpZN910
5CA5IqbsFr4hpNLdjgO0BU,00XhexlJEXQstHimpZN910
5CA5IqbsFr4hpNLdjgO0BU,0hDiY6kqZJ4SuVHC6yLkdp
00XhexlJEXQstHimpZN910,0hDiY6kqZJ4SuVHC6yLkdp
00XhexlJEXQstHimpZN910,768O5GliF0bqscyghggrbE
3r0kkjcXjHeym35lYmeEC6,00XhexlJEXQstHimpZN910
3r0kkjcXjHeym35lYmeEC6,7gekNb01jBYOpcrla2cgEH
00XhexlJEXQstHimpZN910,7gekNb01jBYOpcrla2cgEH
6dlzQ6fiPna40trq1Ek6cb,00XhexlJEXQstHimpZN910
00XhexlJEXQstHimpZN910,6w9ToX5slZ4uIdmD17hJ3c
1pQWsZQehhS4wavwh7Fnxd,00XhexlJEXQstHimpZN910
00XhexlJEXQstHimpZN910,6NmMI7UnfmIpLRYoz8H9jm
00XhexlJEXQstHimpZN910,4axKuDPr6WKcDCyh8vueTY
6NmMI7UnfmIpLRYoz8H9jm,4axKuDPr6WKcDCyh8vueTY
2DspEsT7UXGKd2VaaedgG4,4SsVbpTthjScTS7U2hmr1X
2DspEsT7UXGKd2VaaedgG4,00XhexlJEXQstHimpZN910
4SsVbpTthjScTS7U2hmr1X,00XhexlJEXQstHimpZN910
00XhexlJEXQstHimpZN910,65jIUih0ZeTUJhSTRuYxpi
00XhexlJEXQstHimpZN910,2LmcxBak1alK1bf7d1beTr
00XhexlJEXQstHimpZN910,3HH6yOn1yJNZo3RY5zEfy5
2LmcxBak1alK1bf7d1beTr,3HH6yOn1yJNZo3RY5zEfy5
7awyvLSthqOcL5A3hnR1pf,1Ts9of7VPZElwPQnqnDSfW
7awyvLSthqOcL5A3hnR1pf,00XhexlJEXQstHimpZN910
1Ts9of7VPZElwPQnqnDSfW,00XhexlJEXQstHimpZN910
6bxjoq64Y0HTfMc4GIbpyJ,00XhexlJEXQstHimpZN910
1pQWsZQehhS4wavwh7Fnxd,00XhexlJEXQstHimpZN910
7zY0DMisq1oYXvNNgGwHBY,5hdhHgpxyniooUiQVaPxQ0
7zY0DMisq1oYXvNNgGwHBY,00XhexlJEXQstHimpZN910
5hdhHgpxyniooUiQVaPxQ0,00XhexlJEXQstHimpZN910
00XhexlJEXQstHimpZN910,2cPqdH7XMvwaBJEVjheH8g
47MpMsUfWtgyIIBEFOr4FE,00XhexlJEXQstHimpZN910
47MpMsUfWtgyIIBEFOr4FE,2wYOpkTJZGByNEOjEnSmoW
00XhexlJEXQstHimpZN910,2wYOpkTJZGByNEOjEnSmoW
2ayNSoKPCRAfjp6hQ76hRu,3Wb38LDP3N4tkobValgE9D
2ayNSoKPCRAfjp6hQ76hRu,00XhexlJEXQstHimpZN910
3Wb38LDP3N4tkobValgE9D,00XhexlJEXQstHimpZN910
2Jb9jVnCpWkXtoGznFJ6bF,00XhexlJEXQstHimpZN910
2Jb9jVnCpWkXtoGznFJ6bF,6kq4GHwUcUojGIu0ziSNXf
00XhexlJEXQstHimpZN910,6kq4GHwUcUojGIu0ziSNXf
3HH6yOn1yJNZo3RY5zEfy5,00XhexlJEXQstHimpZN910
3HH6yOn1yJNZo3RY5zEfy5,4m6ubhNsdwF4psNf3R8kwR
00XhexlJEXQstHimpZN910,4m6ubhNsdwF4psNf3R8kwR
00XhexlJEXQstHimpZN910,329e4yvIujISKGKz1BZZbO
00XhexlJEXQstHimpZN910,1TtXnWcUs0FCkaZDPGYHdf
00XhexlJEXQstHimpZN910,1mcTU81TzQhprhouKaTkpq
00XhexlJEXQstHimpZN910,0KPX4Ucy9dk82uj4GpKesn
00XhexlJEXQstHimpZN910,1pQWsZQehhS4wavwh7Fnxd
0KPX4Ucy9dk82uj4GpKesn,1pQWsZQehhS4wavwh7Fnxd
00XhexlJEXQstHimpZN910,3E6xrwgnVfYCrCs0ePERDz
00XhexlJEXQstHimpZN910,6nVcHLIgY5pE2YCl8ubca1
2cPqdH7XMvwaBJEVjheH8g,00XhexlJEXQstHimpZN910
2cPqdH7XMvwaBJEVjheH8g,2ydZrTy8U3kOMOzx20s3dg
00XhexlJEXQstHimpZN910,2ydZrTy8U3kOMOzx20s3dg
384MqcXCGGFh9UcjI5Tpc5,00XhexlJEXQstHimpZN910
384MqcXCGGFh9UcjI5Tpc5,1mcTU81TzQhprhouKaTkpq
00XhexlJEXQstHimpZN910,1mcTU81TzQhprhouKaTkpq
00XhexlJEXQstHimpZN910,7iK8PXO48WeuP03g8YR51W
5hdhHgpxyniooUiQVaPxQ0,1mcTU81TzQhprhouKaTkpq
5hdhHgpxyniooUiQVaPxQ0,00XhexlJEXQstHimpZN910
1mcTU81TzQhprhouKaTkpq,00XhexlJEXQstHimpZN910
1mcTU81TzQhprhouKaTkpq,1SupJlEpv7RS2tPNRaHViT
1mcTU81TzQhprhouKaTkpq,00XhexlJEXQstHimpZN910
1SupJlEpv7RS2tPNRaHViT,00XhexlJEXQstHimpZN910
00XhexlJEXQstHimpZN910,1jSjfSgDjedJdi5MoyRu78
00XhexlJEXQstHimpZN910,5bWUlnPx9OYKsLiUJrhCA1
00XhexlJEXQstHimpZN910,3RtNN1VnooWEn3KQk03DUL
5bWUlnPx9OYKsLiUJrhCA1,3RtNN1VnooWEn3KQk03DUL
2LmcxBak1alK1bf7d1beTr,00XhexlJEXQstHimpZN910
2LmcxBak1alK1bf7d1beTr,7iK8PXO48WeuP03g8YR51W
00XhexlJEXQstHimpZN910,7iK8PXO48WeuP03g8YR51W
1jSjfSgDjedJdi5MoyRu78,00XhexlJEXQstHimpZN910
2QUvtLq6oQaX0LNsYY2fas,00XhexlJEXQstHimpZN910
1TtXnWcUs0FCkaZDPGYHdf,00XhexlJEXQstHimpZN910
00XhexlJEXQstHimpZN910,11YLRSsZA3YVuQQtHXKTlz
00XhexlJEXQstHimpZN910,77ziqFxp5gaInVrF2lj4ht
11YLRSsZA3YVuQQtHXKTlz,77ziqFxp5gaInVrF2lj4ht
2ydZrTy8U3kOMOzx20s3dg,3EiLUeyEcA6fbRPSHkG5kb
2ydZrTy8U3kOMOzx20s3dg,00XhexlJEXQstHimpZN910
3EiLUeyEcA6fbRPSHkG5kb,00XhexlJEXQstHimpZN910
00XhexlJEXQstHimpZN910,2R21vXR83lH98kGeO99Y66
00XhexlJEXQstHimpZN910,4VMYDCV2IEDYJArk749S6m
00XhexlJEXQstHimpZN910,1i8SpTcr7yvPOmcqrbnVXY
4VMYDCV2IEDYJArk749S6m,1i8SpTcr7yvPOmcqrbnVXY
00XhexlJEXQstHimpZN910,11YLRSsZA3YVuQQtHXKTlz
00XhexlJEXQstHimpZN910,1TtXnWcUs0FCkaZDPGYHdf
12vb80Km0Ew53ABfJOepVz,00XhexlJEXQstHimpZN910
12vb80Km0Ew53ABfJOepVz,1TtXnWcUs0FCkaZDPGYHdf
00XhexlJEXQstHimpZN910,1TtXnWcUs0FCkaZDPGYHdf
0qTZZWLzuD59Un5r1speHm,1i8SpTcr7yvPOmcqrbnVXY
0qTZZWLzuD59Un5r1speHm,00XhexlJEXQstHimpZN910
1i8SpTcr7yvPOmcqrbnVXY,00XhexlJEXQstHimpZN910
5gUZ67Vzi1FV2SnrWl1GlE,00XhexlJEXQstHimpZN910
5gUZ67Vzi1FV2SnrWl1GlE,3RtNN1VnooWEn3KQk03DUL
00XhexlJEXQstHimpZN910,3RtNN1VnooWEn3KQk03DUL
1TtXnWcUs0FCkaZDPGYHdf,00XhexlJEXQstHimpZN910
00XhexlJEXQstHimpZN910,4q3ewBCX7sLwd24euuV69X
00XhexlJEXQstHimpZN910,4VMYDCV2IEDYJArk749S6m
00XhexlJEXQstHimpZN910,1SupJlEpv7RS2tPNRaHViT
4VMYDCV2IEDYJArk749S6m,1SupJlEpv7RS2tPNRaHViT
7f02bxFbZIOVdSbYRNYvLT,0KKUc4amZyvswV2YL6WTar
7f02bxFbZIOVdSbYRNYvLT,1RBzGO6Nm3uyhUSxP7EDWO
0KKUc4amZyvswV2YL6WTar,1RBzGO6Nm3uyhUSxP7EDWO
5bWUlnPx9OYKsLiUJrhCA1,329e4yvIujISKGKz1BZZbO
5bWUlnPx9OYKsLiUJrhCA1,1GDbiv3spRmZ1XdM1jQbT7
329e4yvIujISKGKz1BZZbO,1GDbiv3spRmZ1XdM1jQbT7
5DUlefCLzVRzNWaNURTFpK,5xSx2FM8mQnrfgM1QsHniB
5DUlefCLzVRzNWaNURTFpK,0BqURncJM5B1BBu7UM51eq
5xSx2FM8mQnrfgM1QsHniB,0BqURncJM5B1BBu7UM51eq
384MqcXCGGFh9UcjI5Tpc5,1mcTU81TzQhprhouKaTkpq
384MqcXCGGFh9UcjI5Tpc5,3RtNN1VnooWEn3KQk03DUL
1mcTU81TzQhprhouKaTkpq,3RtNN1VnooWEn3KQk03DUL
2ydZrTy8U3kOMOzx20s3dg,5hdhHgpxyniooUiQVaPxQ0
2ydZrTy8U3kOMOzx20s3dg,2cPqdH7XMvwaBJEVjheH8g
5hdhHgpxyniooUiQVaPxQ0,2cPqdH7XMvwaBJEVjheH8g
64aJYyrXljOodnUG6jvhRD,2T1aUibqR2QC2sINIDQOAK
64aJYyrXljOodnUG6jvhRD,2R21vXR83lH98kGeO99Y66
2T1aUibqR2QC2sINIDQOAK,2R21vXR83lH98kGeO99Y66
47MpMsUfWtgyIIBEFOr4FE,1Ts9of7VPZElwPQnqnDSfW
47MpMsUfWtgyIIBEFOr4FE,2R21vXR83lH98kGeO99Y66
1Ts9of7VPZElwPQnqnDSfW,2R21vXR83lH98kGeO99Y66
0eHQ9o50hj6ZDNBt6Ys1sD,4q3ewBCX7sLwd24euuV69X
0eHQ9o50hj6ZDNBt6Ys1sD,3RtNN1VnooWEn3KQk03DUL
4q3ewBCX7sLwd24euuV69X,3RtNN1VnooWEn3KQk03DUL
7akJAsqIpakhpXpWEUSEGX,2663St0NB1IsbMnlF69AeW
7akJAsqIpakhpXpWEUSEGX,1jSjfSgDjedJdi5MoyRu78
2663St0NB1IsbMnlF69AeW,1jSjfSgDjedJdi5MoyRu78
4q3ewBCX7sLwd24euuV69X,2T1aUibqR2QC2sINIDQOAK
4q3ewBCX7sLwd24euuV69X,64aJYyrXljOodnUG6jvhRD
2T1aUibqR2QC2sINIDQOAK,64aJYyrXljOodnUG6jvhRD
2pQAUIesBqfT87PaM1ijtk,3RtNN1VnooWEn3KQk03DUL
2wYOpkTJZGByNEOjEnSmoW,1i8SpTcr7yvPOmcqrbnVXY
2wYOpkTJZGByNEOjEnSmoW,00me4Ke1LsvMxt5kydlMyU
1i8SpTcr7yvPOmcqrbnVXY,00me4Ke1LsvMxt5kydlMyU
71jzN72g8qWMCMkWC5p1Z0,3PhL2Vdao2v8SS8AptuhAr
71jzN72g8qWMCMkWC5p1Z0,1csBgT42N4pPPs1HJhxXIK
3PhL2Vdao2v8SS8AptuhAr,1csBgT42N4pPPs1HJhxXIK
2M4eNCvV3CJUswavkhAQg2,0s1ec6aPpRZ4DCj15w1EFg
2M4eNCvV3CJUswavkhAQg2,0s1ec6aPpRZ4DCj15w1EFg
71jzN72g8qWMCMkWC5p1Z0,3PhL2Vdao2v8SS8AptuhAr
71jzN72g8qWMCMkWC5p1Z0,1csBgT42N4pPPs1HJhxXIK
3PhL2Vdao2v8SS8AptuhAr,1csBgT42N4pPPs1HJhxXIK
71jzN72g8qWMCMkWC5p1Z0,3PhL2Vdao2v8SS8AptuhAr
2M4eNCvV3CJUswavkhAQg2,71jzN72g8qWMCMkWC5p1Z0
2M4eNCvV3CJUswavkhAQg2,0OcclcP5o8VKH2TRqSY2A7
71jzN72g8qWMCMkWC5p1Z0,0OcclcP5o8VKH2TRqSY2A7
71jzN72g8qWMCMkWC5p1Z0,3PhL2Vdao2v8SS8AptuhAr
71jzN72g8qWMCMkWC5p1Z0,1csBgT42N4pPPs1HJhxXIK
3PhL2Vdao2v8SS8AptuhAr,1csBgT42N4pPPs1HJhxXIK
6kClxEibflIbA231B95OYX,3JTh0dYmLwklcBtcByIuuV
71jzN72g8qWMCMkWC5p1Z0,3PhL2Vdao2v8SS8AptuhAr
71jzN72g8qWMCMkWC5p1Z0,1csBgT42N4pPPs1HJhxXIK
3PhL2Vdao2v8SS8AptuhAr,1csBgT42N4pPPs1HJhxXIK
5ZD5SEaKtPcA27WyUOwcxS,6xgvgzXNv3ymcITXTrxRaA
5ZD5SEaKtPcA27WyUOwcxS,7cYEt1pqMgXJdq00hAwVpT
6xgvgzXNv3ymcITXTrxRaA,7cYEt1pqMgXJdq00hAwVpT
5ZD5SEaKtPcA27WyUOwcxS,7cYEt1pqMgXJdq00hAwVpT
7cYEt1pqMgXJdq00hAwVpT,0uGk2czvcpWQA383Im6ajf
6xgvgzXNv3ymcITXTrxRaA,7cYEt1pqMgXJdq00hAwVpT
6xgvgzXNv3ymcITXTrxRaA,6auWB5YAlcKaHyrbTH66nd
7cYEt1pqMgXJdq00hAwVpT,6auWB5YAlcKaHyrbTH66nd
4V2pR2iSd1g0RZCglrP3jn,7cYEt1pqMgXJdq00hAwVpT
7cYEt1pqMgXJdq00hAwVpT,50cv1LUzko0wYHYGFE3PFE
1i8SpTcr7yvPOmcqrbnVXY,0GOx72r5AAEKRGQFn3xqXK
1i8SpTcr7yvPOmcqrbnVXY,6O9WquDfQTxGRZqZUXVEQx
0GOx72r5AAEKRGQFn3xqXK,6O9WquDfQTxGRZqZUXVEQx
0GOx72r5AAEKRGQFn3xqXK,6zrOXBaNn0DqJeXxgC2eyH
0GOx72r5AAEKRGQFn3xqXK,6Pr9pssRV0tD0jdh2Z84td
6zrOXBaNn0DqJeXxgC2eyH,6Pr9pssRV0tD0jdh2Z84td
0GOx72r5AAEKRGQFn3xqXK,0Ntl0oWMPWfBOoi9Qcr9ht
0GOx72r5AAEKRGQFn3xqXK,0Ntl0oWMPWfBOoi9Qcr9ht
1gm1katIowFM22Ldqcw6DK,0GOx72r5AAEKRGQFn3xqXK
6W5uA6CNMf3hd2j4a2XWCx,0GOx72r5AAEKRGQFn3xqXK
63hFhXYW3r2q8uW2Rf3LUw,0GOx72r5AAEKRGQFn3xqXK
0GOx72r5AAEKRGQFn3xqXK,6t7U7sYlVCtlMWzbecJcHd
0GOx72r5AAEKRGQFn3xqXK,4sbXXFzEWJY2zsZjelerjX
0GOx72r5AAEKRGQFn3xqXK,4OV6uYSnHxSYkjDYuBVBUz
4sbXXFzEWJY2zsZjelerjX,4OV6uYSnHxSYkjDYuBVBUz
4sbXXFzEWJY2zsZjelerjX,0GOx72r5AAEKRGQFn3xqXK
4sbXXFzEWJY2zsZjelerjX,4OV6uYSnHxSYkjDYuBVBUz
0GOx72r5AAEKRGQFn3xqXK,4OV6uYSnHxSYkjDYuBVBUz
0GOx72r5AAEKRGQFn3xqXK,5gqmbbfjcikQBzPB5Hv13I
1wAtSe79kItIb9nf5EhI2Q,0GOx72r5AAEKRGQFn3xqXK
0GOx72r5AAEKRGQFn3xqXK,59AE1IufInALmYDRNRSY7O
0GOx72r5AAEKRGQFn3xqXK,0Ty63ceoRnnJKVEYP0VQpk
0GOx72r5AAEKRGQFn3xqXK,1PpMfsOyfZ3nmcSoiIohpC
0GOx72r5AAEKRGQFn3xqXK,1wAtSe79kItIb9nf5EhI2Q
0GOx72r5AAEKRGQFn3xqXK,0Ty63ceoRnnJKVEYP0VQpk
0Ntl0oWMPWfBOoi9Qcr9ht,4OV6uYSnHxSYkjDYuBVBUz
0Ntl0oWMPWfBOoi9Qcr9ht,0GOx72r5AAEKRGQFn3xqXK
4OV6uYSnHxSYkjDYuBVBUz,0GOx72r5AAEKRGQFn3xqXK
0GOx72r5AAEKRGQFn3xqXK,1r4hJ1h58CWwUQe3MxPuau
0GOx72r5AAEKRGQFn3xqXK,3t5xRXzsuZmMDkQzgOX35S
1r4hJ1h58CWwUQe3MxPuau,3t5xRXzsuZmMDkQzgOX35S
0JBdTCGs111JKKYfLqOEBa,0GOx72r5AAEKRGQFn3xqXK
0JBdTCGs111JKKYfLqOEBa,0GOx72r5AAEKRGQFn3xqXK
0GOx72r5AAEKRGQFn3xqXK,4sbXXFzEWJY2zsZjelerjX
0GOx72r5AAEKRGQFn3xqXK,2z2TRvloJt4EfUNQp9rHAi
4sbXXFzEWJY2zsZjelerjX,2z2TRvloJt4EfUNQp9rHAi
0GOx72r5AAEKRGQFn3xqXK,0Ntl0oWMPWfBOoi9Qcr9ht
0GOx72r5AAEKRGQFn3xqXK,1vyhD5VmyZ7KMfW5gqLgo5
0GOx72r5AAEKRGQFn3xqXK,1r4hJ1h58CWwUQe3MxPuau
0GOx72r5AAEKRGQFn3xqXK,2urF8dgLVfDjunO0pcHUEe
0GOx72r5AAEKRGQFn3xqXK,2urF8dgLVfDjunO0pcHUEe
0GOx72r5AAEKRGQFn3xqXK,5dM0ApSI0k1TcOseiik0sY
2urF8dgLVfDjunO0pcHUEe,5dM0ApSI0k1TcOseiik0sY
0GOx72r5AAEKRGQFn3xqXK,4Nrd0CtP8txoQhnnlRA6V6
0GOx72r5AAEKRGQFn3xqXK,2ZMnWI3oIHyj7MyuZ99gvu
0GOx72r5AAEKRGQFn3xqXK,2ZMnWI3oIHyj7MyuZ99gvu
0GOx72r5AAEKRGQFn3xqXK,2ZMnWI3oIHyj7MyuZ99gvu
0Ntl0oWMPWfBOoi9Qcr9ht,4OV6uYSnHxSYkjDYuBVBUz
32UhRcgdXO6LdLhOpfIdxp,1ntQKIMIgESKpKoNXVBvQg
32UhRcgdXO6LdLhOpfIdxp,0oeiA5U9u1U45Gos5cywUU
1ntQKIMIgESKpKoNXVBvQg,0oeiA5U9u1U45Gos5cywUU
63hFhXYW3r2q8uW2Rf3LUw,09FXva53dWku8Gu5N73rR8
63hFhXYW3r2q8uW2Rf3LUw,1fuooeJa0UywkC89lN5tl6
09FXva53dWku8Gu5N73rR8,1fuooeJa0UywkC89lN5tl6
0Ntl0oWMPWfBOoi9Qcr9ht,4OV6uYSnHxSYkjDYuBVBUz
0Ntl0oWMPWfBOoi9Qcr9ht,4OV6uYSnHxSYkjDYuBVBUz
0Ntl0oWMPWfBOoi9Qcr9ht,4OV6uYSnHxSYkjDYuBVBUz
0Ntl0oWMPWfBOoi9Qcr9ht,4OV6uYSnHxSYkjDYuBVBUz
0Ty63ceoRnnJKVEYP0VQpk,5EvFsr3kj42KNv97ZEnqij
0Ty63ceoRnnJKVEYP0VQpk,5EvFsr3kj42KNv97ZEnqij
1ol43gfhrX1PkHep7fqCsO,5qG4fma5AP3VajSQWjN22w
07KFB3V5DiOB1s0tZhDyCl,46jq5W6f8fji9hjPRbVaUu
0X2BH1fck6amBIoJhDVmmJ,5fMUXHkw8R8eOP2RNVYEZX
0X2BH1fck6amBIoJhDVmmJ,1z4g3DjTBBZKhvAroFlhOM
5fMUXHkw8R8eOP2RNVYEZX,1z4g3DjTBBZKhvAroFlhOM
1z4g3DjTBBZKhvAroFlhOM,21dQ70DS91icGLN9J4mH7h
1z4g3DjTBBZKhvAroFlhOM,45hd8opei1aSAIMNfJccfK
21dQ70DS91icGLN9J4mH7h,45hd8opei1aSAIMNfJccfK
0eO0NHuHNJI3N6ZBAm9dh6,05S6yFOzexsgurWstJlBqK
2XnBwblw31dfGnspMIwgWz,4b8dLpJgJpNQYzu4AtXLt3
2XnBwblw31dfGnspMIwgWz,4b8dLpJgJpNQYzu4AtXLt3
2XnBwblw31dfGnspMIwgWz,1xNmvlEiICkRlRGqlNFZ43
2XnBwblw31dfGnspMIwgWz,6hyMWrxGBsOx6sWcVj1DqP
1xNmvlEiICkRlRGqlNFZ43,6hyMWrxGBsOx6sWcVj1DqP
2XnBwblw31dfGnspMIwgWz,1xNmvlEiICkRlRGqlNFZ43
2XnBwblw31dfGnspMIwgWz,6hyMWrxGBsOx6sWcVj1DqP
1xNmvlEiICkRlRGqlNFZ43,6hyMWrxGBsOx6sWcVj1DqP
2XnBwblw31dfGnspMIwgWz,1xNmvlEiICkRlRGqlNFZ43
2XnBwblw31dfGnspMIwgWz,6hyMWrxGBsOx6sWcVj1DqP
1xNmvlEiICkRlRGqlNFZ43,6hyMWrxGBsOx6sWcVj1DqP
2XnBwblw31dfGnspMIwgWz,1xNmvlEiICkRlRGqlNFZ43
2XnBwblw31dfGnspMIwgWz,6hyMWrxGBsOx6sWcVj1DqP
1xNmvlEiICkRlRGqlNFZ43,6hyMWrxGBsOx6sWcVj1DqP
2XnBwblw31dfGnspMIwgWz,1xNmvlEiICkRlRGqlNFZ43
2XnBwblw31dfGnspMIwgWz,6hyMWrxGBsOx6sWcVj1DqP
1xNmvlEiICkRlRGqlNFZ43,6hyMWrxGBsOx6sWcVj1DqP
2XnBwblw31dfGnspMIwgWz,1xNmvlEiICkRlRGqlNFZ43
2XnBwblw31dfGnspMIwgWz,6hyMWrxGBsOx6sWcVj1DqP
1xNmvlEiICkRlRGqlNFZ43,6hyMWrxGBsOx6sWcVj1DqP
2XnBwblw31dfGnspMIwgWz,1xNmvlEiICkRlRGqlNFZ43
2XnBwblw31dfGnspMIwgWz,6hyMWrxGBsOx6sWcVj1DqP
1xNmvlEiICkRlRGqlNFZ43,6hyMWrxGBsOx6sWcVj1DqP
2XnBwblw31dfGnspMIwgWz,1xNmvlEiICkRlRGqlNFZ43
2XnBwblw31dfGnspMIwgWz,6hyMWrxGBsOx6sWcVj1DqP
1xNmvlEiICkRlRGqlNFZ43,6hyMWrxGBsOx6sWcVj1DqP
2XnBwblw31dfGnspMIwgWz,1xNmvlEiICkRlRGqlNFZ43
2XnBwblw31dfGnspMIwgWz,6hyMWrxGBsOx6sWcVj1DqP
1xNmvlEiICkRlRGqlNFZ43,6hyMWrxGBsOx6sWcVj1DqP
2XnBwblw31dfGnspMIwgWz,1xNmvlEiICkRlRGqlNFZ43
2XnBwblw31dfGnspMIwgWz,6hyMWrxGBsOx6sWcVj1DqP
1xNmvlEiICkRlRGqlNFZ43,6hyMWrxGBsOx6sWcVj1DqP
2XnBwblw31dfGnspMIwgWz,1xNmvlEiICkRlRGqlNFZ43
2XnBwblw31dfGnspMIwgWz,6hyMWrxGBsOx6sWcVj1DqP
1xNmvlEiICkRlRGqlNFZ43,6hyMWrxGBsOx6sWcVj1DqP
2XnBwblw31dfGnspMIwgWz,1xNmvlEiICkRlRGqlNFZ43
2XnBwblw31dfGnspMIwgWz,6hyMWrxGBsOx6sWcVj1DqP
1xNmvlEiICkRlRGqlNFZ43,6hyMWrxGBsOx6sWcVj1DqP
2XnBwblw31dfGnspMIwgWz,1xNmvlEiICkRlRGqlNFZ43
2XnBwblw31dfGnspMIwgWz,6hyMWrxGBsOx6sWcVj1DqP
1xNmvlEiICkRlRGqlNFZ43,6hyMWrxGBsOx6sWcVj1DqP
2XnBwblw31dfGnspMIwgWz,1xNmvlEiICkRlRGqlNFZ43
2XnBwblw31dfGnspMIwgWz,6hyMWrxGBsOx6sWcVj1DqP
1xNmvlEiICkRlRGqlNFZ43,6hyMWrxGBsOx6sWcVj1DqP
2XnBwblw31dfGnspMIwgWz,5PdkRVDASsw6P7QoqRpz0F
2XnBwblw31dfGnspMIwgWz,1xNmvlEiICkRlRGqlNFZ43
2XnBwblw31dfGnspMIwgWz,6hyMWrxGBsOx6sWcVj1DqP
1xNmvlEiICkRlRGqlNFZ43,6hyMWrxGBsOx6sWcVj1DqP
2XnBwblw31dfGnspMIwgWz,1xNmvlEiICkRlRGqlNFZ43
2XnBwblw31dfGnspMIwgWz,6hyMWrxGBsOx6sWcVj1DqP
1xNmvlEiICkRlRGqlNFZ43,6hyMWrxGBsOx6sWcVj1DqP
2XnBwblw31dfGnspMIwgWz,1xNmvlEiICkRlRGqlNFZ43
2XnBwblw31dfGnspMIwgWz,6hyMWrxGBsOx6sWcVj1DqP
1xNmvlEiICkRlRGqlNFZ43,6hyMWrxGBsOx6sWcVj1DqP
2XnBwblw31dfGnspMIwgWz,1xNmvlEiICkRlRGqlNFZ43
2XnBwblw31dfGnspMIwgWz,6hyMWrxGBsOx6sWcVj1DqP
1xNmvlEiICkRlRGqlNFZ43,6hyMWrxGBsOx6sWcVj1DqP
2XnBwblw31dfGnspMIwgWz,1xNmvlEiICkRlRGqlNFZ43
2XnBwblw31dfGnspMIwgWz,6hyMWrxGBsOx6sWcVj1DqP
1xNmvlEiICkRlRGqlNFZ43,6hyMWrxGBsOx6sWcVj1DqP
55vjGKmlvpOxuYjwGjBKrD,0XLzccXa76Fg2dH5cTVdMc
21mKp7DqtSNHhCAU2ugvUw,7E3BRXV9ZbCt5lQTCXMTia
21mKp7DqtSNHhCAU2ugvUw,6BkSTbIWZrLZZK0sa2GehR
21mKp7DqtSNHhCAU2ugvUw,2x7EATekOPhFGRx3syMGEC
21mKp7DqtSNHhCAU2ugvUw,3NP4jJcW3R6qO6rbtnH0wn
21mKp7DqtSNHhCAU2ugvUw,55U998XxmxjicLMKDSz6R3
21mKp7DqtSNHhCAU2ugvUw,1avX5Xw6u45PxYKbBrmoC7
21mKp7DqtSNHhCAU2ugvUw,2SrWifjYv7b5tR8EzEmn1x
21mKp7DqtSNHhCAU2ugvUw,4Wjf8diP59VmPG7fi4y724
21mKp7DqtSNHhCAU2ugvUw,4Wjf8diP59VmPG7fi4y724
21mKp7DqtSNHhCAU2ugvUw,4Wjf8diP59VmPG7fi4y724
21mKp7DqtSNHhCAU2ugvUw,27gtK7m9vYwCyJ04zz0kIb
3htNAy3vYWWYV8RZFeyRMT,21mKp7DqtSNHhCAU2ugvUw
64xvudklMEbVYMBocLyHSn,21mKp7DqtSNHhCAU2ugvUw
60yfafz0P3gqaUaOUIddae,0pkLgeB9j465x1QB2kRoy4
60yfafz0P3gqaUaOUIddae,1ChtRJ3f4rbv4vtz87i6CD
60yfafz0P3gqaUaOUIddae,1ChtRJ3f4rbv4vtz87i6CD
34y3hToaaj8cIOf1bx18Hb,4m6jwMpOX8q0eIJY6HdulU
6qGkLCMQkNGOJ079iEcC5k,4xFUf1FHVy696Q1JQZMTRj
6qGkLCMQkNGOJ079iEcC5k,7z5WFjZAIYejWy0NI5lv4T
4xFUf1FHVy696Q1JQZMTRj,7z5WFjZAIYejWy0NI5lv4T
3FfvYsEGaIb52QPXhg4DcH,4xFUf1FHVy696Q1JQZMTRj
5gOJTI4TusSENizxhcG7jB,4xFUf1FHVy696Q1JQZMTRj
6qGkLCMQkNGOJ079iEcC5k,7tYKF4w9nC0nq9CsPZTHyP
6qGkLCMQkNGOJ079iEcC5k,2wY79sveU1sp5g7SokKOiI
7tYKF4w9nC0nq9CsPZTHyP,2wY79sveU1sp5g7SokKOiI
610EjgFatGvVPtib97jQ8G,6cEuCEZu7PAE9ZSzLLc2oQ
3Zl0EsuYV23OgNw6WqGelN,07XSN3sPlIlB2L2XNcTwJw
3Zl0EsuYV23OgNw6WqGelN,07XSN3sPlIlB2L2XNcTwJw
3hYtANQYrE6pd2PbtEyTIy,0ys2OFYzWYB5hRDLCsBqxt
3hYtANQYrE6pd2PbtEyTIy,0elWFr7TW8piilVRYJUe4P
0ys2OFYzWYB5hRDLCsBqxt,0elWFr7TW8piilVRYJUe4P
11YLRSsZA3YVuQQtHXKTlz,4QVBYiagIaa6ZGSPMbybpy
7mUBMaZW1MXGswaneb0JTT,4QVBYiagIaa6ZGSPMbybpy
7mUBMaZW1MXGswaneb0JTT,2urF8dgLVfDjunO0pcHUEe
4QVBYiagIaa6ZGSPMbybpy,2urF8dgLVfDjunO0pcHUEe
0J9JLJmiTXJFvvyHS3Qzn4,4QVBYiagIaa6ZGSPMbybpy
4vhNDa5ycK0ST968ek7kRr,4QVBYiagIaa6ZGSPMbybpy
7vPGzgDg3qGUY5bWtrO3K4,4QVBYiagIaa6ZGSPMbybpy
4QVBYiagIaa6ZGSPMbybpy,329e4yvIujISKGKz1BZZbO
6hgiVWraSMs9mbUrhPq8Oh,4QVBYiagIaa6ZGSPMbybpy
5lTjv8Ag00qHSGhvK4JbeF,4QVBYiagIaa6ZGSPMbybpy
0haZhu4fFKt0Ag94kZDiz2,4QVBYiagIaa6ZGSPMbybpy
4QVBYiagIaa6ZGSPMbybpy,2UZIAOlrnyZmyzt1nuXr9y
4QVBYiagIaa6ZGSPMbybpy,3EiLUeyEcA6fbRPSHkG5kb
2UZIAOlrnyZmyzt1nuXr9y,3EiLUeyEcA6fbRPSHkG5kb
3t7UqWteBBmHXkcVhMSyay,3AIPhNgeF9S1Kyg9Yy3UQW
3t7UqWteBBmHXkcVhMSyay,4QVBYiagIaa6ZGSPMbybpy
3AIPhNgeF9S1Kyg9Yy3UQW,4QVBYiagIaa6ZGSPMbybpy
7LQaY9LGXHzoJY8DvwpSid,4QVBYiagIaa6ZGSPMbybpy
4PhdYoQGH8s1xee81dqQOO,4QVBYiagIaa6ZGSPMbybpy
0AdjzZxHJ4MfbImx2rD0Df,4QVBYiagIaa6ZGSPMbybpy
4z19QMyPVRwbd4Fs2LisBa,4QVBYiagIaa6ZGSPMbybpy
4z19QMyPVRwbd4Fs2LisBa,5EvFsr3kj42KNv97ZEnqij
4QVBYiagIaa6ZGSPMbybpy,5EvFsr3kj42KNv97ZEnqij
4z19QMyPVRwbd4Fs2LisBa,4QVBYiagIaa6ZGSPMbybpy
36KsCCwgI0Dep97yVJWmkK,4QVBYiagIaa6ZGSPMbybpy
4QVBYiagIaa6ZGSPMbybpy,3jO614mmyQEUtwYgyIYZQR
5zaG384VZzAb6AMfEnSy2r,4QVBYiagIaa6ZGSPMbybpy
28gNT5KBp7IjEOQoevXf9N,0EmeFodog0BfCgMzAIvKQp
28gNT5KBp7IjEOQoevXf9N,4QVBYiagIaa6ZGSPMbybpy
0EmeFodog0BfCgMzAIvKQp,4QVBYiagIaa6ZGSPMbybpy
28gNT5KBp7IjEOQoevXf9N,4QVBYiagIaa6ZGSPMbybpy
0SSbTivuMrvdqgCt7ln6jD,4QVBYiagIaa6ZGSPMbybpy
0SSbTivuMrvdqgCt7ln6jD,3PAwspMN27PDm81WwXDsMf
4QVBYiagIaa6ZGSPMbybpy,3PAwspMN27PDm81WwXDsMf
4QVBYiagIaa6ZGSPMbybpy,7vk5e3vY1uw9plTHJAMwjN
4QVBYiagIaa6ZGSPMbybpy,329e4yvIujISKGKz1BZZbO
7vk5e3vY1uw9plTHJAMwjN,329e4yvIujISKGKz1BZZbO
5Rj6rNR8zIlUUDCs1OyPmW,4QVBYiagIaa6ZGSPMbybpy
4QVBYiagIaa6ZGSPMbybpy,3DiDSECUqqY1AuBP8qtaIa
4QVBYiagIaa6ZGSPMbybpy,329e4yvIujISKGKz1BZZbO
3DiDSECUqqY1AuBP8qtaIa,329e4yvIujISKGKz1BZZbO
4QVBYiagIaa6ZGSPMbybpy,329e4yvIujISKGKz1BZZbO
4z19QMyPVRwbd4Fs2LisBa,0zZJhc1T0zBurhnBwQ2fcu
4z19QMyPVRwbd4Fs2LisBa,5bWUlnPx9OYKsLiUJrhCA1
4z19QMyPVRwbd4Fs2LisBa,2DspEsT7UXGKd2VaaedgG4
5bWUlnPx9OYKsLiUJrhCA1,2DspEsT7UXGKd2VaaedgG4
6C1ohJrd5VydigQtaGy5Wa,7c0XG5cIJTrrAgEC3ULPiq
6C1ohJrd5VydigQtaGy5Wa,6l3HvQ5sa6mXTsMTB19rO5
6C1ohJrd5VydigQtaGy5Wa,6jGMq4yGs7aQzuGsMgVgZR
6C1ohJrd5VydigQtaGy5Wa,5f7VJjfbwm532GiveGC0ZK
4gfGNNGyZ5CssoNIXnIOIc,6C1ohJrd5VydigQtaGy5Wa
3Uobr6LgQpBbk6k4QGAb3V,6C1ohJrd5VydigQtaGy5Wa
6C1ohJrd5VydigQtaGy5Wa,41qil2VaGbD194gaEcmmyx
6C1ohJrd5VydigQtaGy5Wa,0eHQ9o50hj6ZDNBt6Ys1sD
6C1ohJrd5VydigQtaGy5Wa,02kJSzxNuaWGqwubyUba0Z
0eHQ9o50hj6ZDNBt6Ys1sD,02kJSzxNuaWGqwubyUba0Z
6C1ohJrd5VydigQtaGy5Wa,7bXgB6jMjp9ATFy66eO08Z
6C1ohJrd5VydigQtaGy5Wa,7bXgB6jMjp9ATFy66eO08Z
6C1ohJrd5VydigQtaGy5Wa,7bXgB6jMjp9ATFy66eO08Z
2kmaOZXkO6jRNyOKA1wcmo,57GTqLm3YQjoSNrzDjy23C
2qm9IkDrTyqlVuPDcijsWm,3eiYUDORqMPpt7jHMYsvim
2qm9IkDrTyqlVuPDcijsWm,3eiYUDORqMPpt7jHMYsvim
6W4vm8P3JFQboO4cvHeqaa,2SrSdSvpminqmStGELCSNd
6Ip8FS7vWT1uKkJSweANQK,2SrSdSvpminqmStGELCSNd
2Dqt6WjEca8WcZuGiUcYDd,2SrSdSvpminqmStGELCSNd
2Dqt6WjEca8WcZuGiUcYDd,52iM1kP5BpnLypZ0VtrpyY
2SrSdSvpminqmStGELCSNd,52iM1kP5BpnLypZ0VtrpyY
7zJL978NtANOysfGY21ty6,2SrSdSvpminqmStGELCSNd
5VNMclLseLzRnVhvkrqdpn,2SrSdSvpminqmStGELCSNd
6UCQYrcJ6wab6gnQ89OJFh,4Xi6LSfFqv26XgP9NKN26U
6UCQYrcJ6wab6gnQ89OJFh,2SrSdSvpminqmStGELCSNd
4Xi6LSfFqv26XgP9NKN26U,2SrSdSvpminqmStGELCSNd
6UCQYrcJ6wab6gnQ89OJFh,2SrSdSvpminqmStGELCSNd
6UCQYrcJ6wab6gnQ89OJFh,3CJKkU0XuElRT1z8rEtIYg
2SrSdSvpminqmStGELCSNd,3CJKkU0XuElRT1z8rEtIYg
6UCQYrcJ6wab6gnQ89OJFh,2SrSdSvpminqmStGELCSNd
6UCQYrcJ6wab6gnQ89OJFh,6kQfGeicc9EiQMzAYX0f9U
2SrSdSvpminqmStGELCSNd,6kQfGeicc9EiQMzAYX0f9U
6UCQYrcJ6wab6gnQ89OJFh,2SrSdSvpminqmStGELCSNd
6UCQYrcJ6wab6gnQ89OJFh,0HDMwoCS316xhKCZlJPBnc
2SrSdSvpminqmStGELCSNd,0HDMwoCS316xhKCZlJPBnc
7b79bQFziJFedJb75k6hFt,2tPR06hLUvH5aIY3JXNIxY
7b79bQFziJFedJb75k6hFt,2SrSdSvpminqmStGELCSNd
2tPR06hLUvH5aIY3JXNIxY,2SrSdSvpminqmStGELCSNd
2SrSdSvpminqmStGELCSNd,3wcj11K77LjEY1PkEazffa
2SrSdSvpminqmStGELCSNd,7qPISKHhhKDLZTmYcX7bWd
3wcj11K77LjEY1PkEazffa,7qPISKHhhKDLZTmYcX7bWd
2SrSdSvpminqmStGELCSNd,3hvinNZRzTLoREmqFiKr1b
2SrSdSvpminqmStGELCSNd,6DgP9otnZw5z6daOntINxp
2SrSdSvpminqmStGELCSNd,1eX2QZGKv4RFxpDKUGxgm0
2SrSdSvpminqmStGELCSNd,3egWSWp7Y4FyCKIyvXbw7L
2SrSdSvpminqmStGELCSNd,5zK6Y7XOLDFFg0sdThkVxr
2SrSdSvpminqmStGELCSNd,0T2sGLJKge2eaFmZJxX7sq
2SrSdSvpminqmStGELCSNd,5jVpqdDgnU0s56PrCbsGQg
0T2sGLJKge2eaFmZJxX7sq,5jVpqdDgnU0s56PrCbsGQg
4KGNjRvBeqS7wDrExXVN8a,2SrSdSvpminqmStGELCSNd
2SrSdSvpminqmStGELCSNd,6aTCNF8JTH5TFs9rheknQB
5pKCCKE2ajJHZ9KAiaK11H,687cZJR45JO7jhk1LHIbgq
6UCQYrcJ6wab6gnQ89OJFh,4Xi6LSfFqv26XgP9NKN26U
6UCQYrcJ6wab6gnQ89OJFh,1lMcg4Y7nW5hHgIVsN9Shn
4Xi6LSfFqv26XgP9NKN26U,1lMcg4Y7nW5hHgIVsN9Shn
6eUKZXaKkcviH0Ku9w2n3V,1sLYZv95ZXwVfyGHan5w45
6eUKZXaKkcviH0Ku9w2n3V,2PJEagPIxaBugeMjIyKVXF
1sLYZv95ZXwVfyGHan5w45,2PJEagPIxaBugeMjIyKVXF
1CoZyIx7UvdxT5c8UkMzHd,5oDtp2FC8VqBjTx1aT4P5j
039zhJoEkboZ8Ii6K40Fb6,26pdmCNWKJckpfnxfJbQYy
5s55TVffEjZbMXd6pwqo8V,3ioAxZ3934Ju4KYyxPvIa1
20qISvAhX20dpIbOOzGK3q,0huGjMyP507tBCARyzSkrv
20qISvAhX20dpIbOOzGK3q,0Y4inQK6OespitzD6ijMwb
0huGjMyP507tBCARyzSkrv,0Y4inQK6OespitzD6ijMwb
0QHgL1lAIqAw0HtD7YldmP,20qISvAhX20dpIbOOzGK3q
0QHgL1lAIqAw0HtD7YldmP,3nFkdlSjzX9mRTtwJOzDYB
20qISvAhX20dpIbOOzGK3q,3nFkdlSjzX9mRTtwJOzDYB
20qISvAhX20dpIbOOzGK3q,6q3p11nP1p80Ey6LrOOSed
20qISvAhX20dpIbOOzGK3q,6q3p11nP1p80Ey6LrOOSed
20qISvAhX20dpIbOOzGK3q,6q3p11nP1p80Ey6LrOOSed
7jVv8c5Fj3E9VhNjxT4snq,20qISvAhX20dpIbOOzGK3q
0ZrpamOxcZybMHGg1AYtHP,20qISvAhX20dpIbOOzGK3q
6nfYGe7IIuuP5bMY1jkJP6,20qISvAhX20dpIbOOzGK3q
6GEykX11lQqp92UVOQQCC7,7pqZVedlsryCmpMGf9L9zV
5y2Xq6xcjJb2jVM54GHK3t,4GWqzTTt2uA9Ms6HfUhWUn
0FOWNUFHPnMy0vOw1siGqi,1Xyo4u8uXC1ZmMpatF05PJ
2x8KDZdSONA3872CnhaAlX,5InTXfRbwZkezhTJUaNro4
2x8KDZdSONA3872CnhaAlX,4fyL3gcICQ7Y7BkqCpKyEt
5InTXfRbwZkezhTJUaNro4,4fyL3gcICQ7Y7BkqCpKyEt
6q3p11nP1p80Ey6LrOOSed,3s8alQfNnY0roAHaJh7Xxt
1MGyQRNDBHqVYkW1nNKRBv,3ZotbHeyVQKxQCPDJuQ4SU
2FRqPHyW2wAumuNpD7XY5v,4135eJjHCRw5SuVzLfzR0x
1MGyQRNDBHqVYkW1nNKRBv,6DJEUXZm0e2rAohdoZ5Voo
1MGyQRNDBHqVYkW1nNKRBv,1Oa0bMld0A3u5OTYfMzp5h
4sw1fHktKBWUVIoSUGGxrT,0tCtGc5vt29zFZp6KXzN50
5q3WViYe7mEvzU9CY6lixh,5rQh3Nz0mE7UaBIp9hotMq
34ABXKUj0gzq7R8vXjCaNj,1GeODmmQycY9UqF4MLO94I
6ZLTlhejhndI4Rh53vYhrY,1AeC9AuzqGc3IXMC2T5xny
6ZLTlhejhndI4Rh53vYhrY,7iA7uWUkWLpapsaaqmzRQV
6ZLTlhejhndI4Rh53vYhrY,0AD4odMWVQ2wUSlgxOB5Rl
6ZLTlhejhndI4Rh53vYhrY,0bmuibaBeiMxAqN2HwUqhd
6ZLTlhejhndI4Rh53vYhrY,1DFr97A9HnbV3SKTJFu62M
0bmuibaBeiMxAqN2HwUqhd,1DFr97A9HnbV3SKTJFu62M
5M52tdBnJaKSvOpJGz8mfZ,6ZLTlhejhndI4Rh53vYhrY
0kdzjDb2TKsCiJwWaBkZTQ,7nwUJBm0HE4ZxD3f5cy5ok
7fIvjotigTGWqjIz6EP1i4,3RwQ26hR2tJtA8F9p2n7jG
7fIvjotigTGWqjIz6EP1i4,6TqQLejnHXMGr7KcegxUND
3RwQ26hR2tJtA8F9p2n7jG,6TqQLejnHXMGr7KcegxUND
6MnWA8xVW1sEzV9s7wXpQb,375zxMmh2cSgUzFFnva0O7
0NKDgy9j66h3DLnN8qu1bB,5MspMQqdVbdwP6ax3GXqum
0NKDgy9j66h3DLnN8qu1bB,7gcCQIlkkfbul5Mt0jBQkg
5MspMQqdVbdwP6ax3GXqum,7gcCQIlkkfbul5Mt0jBQkg
0NKDgy9j66h3DLnN8qu1bB,5MspMQqdVbdwP6ax3GXqum
0NKDgy9j66h3DLnN8qu1bB,7gcCQIlkkfbul5Mt0jBQkg
5MspMQqdVbdwP6ax3GXqum,7gcCQIlkkfbul5Mt0jBQkg
0NKDgy9j66h3DLnN8qu1bB,5MspMQqdVbdwP6ax3GXqum
0NKDgy9j66h3DLnN8qu1bB,7gcCQIlkkfbul5Mt0jBQkg
5MspMQqdVbdwP6ax3GXqum,7gcCQIlkkfbul5Mt0jBQkg
0NKDgy9j66h3DLnN8qu1bB,5MspMQqdVbdwP6ax3GXqum
0NKDgy9j66h3DLnN8qu1bB,7gcCQIlkkfbul5Mt0jBQkg
5MspMQqdVbdwP6ax3GXqum,7gcCQIlkkfbul5Mt0jBQkg
1EXjXQpDx2pROygh8zvHs4,39yVoqm6sYFvvqF1RciUVf
1EXjXQpDx2pROygh8zvHs4,0BqURncJM5B1BBu7UM51eq
1EXjXQpDx2pROygh8zvHs4,7eLcDZDYHXZCebtQmVFL25
1EXjXQpDx2pROygh8zvHs4,22P1OY4TRFRwhP0q29loQ8
1EXjXQpDx2pROygh8zvHs4,0GWdY55YF6xzN5L1A0X8nq
1EXjXQpDx2pROygh8zvHs4,5sUrlPAHlS9NEirDB8SEbF
1EXjXQpDx2pROygh8zvHs4,5ACyfaynUH9FpBaR8uZprQ
5sUrlPAHlS9NEirDB8SEbF,5ACyfaynUH9FpBaR8uZprQ
1EXjXQpDx2pROygh8zvHs4,5xd2Tg7Zo8755eCy8Gxkp8
21ttsUKZ3y2Hm6nduyvbAw,1EXjXQpDx2pROygh8zvHs4
41vHguv5A56arhiVNrMW4z,5kXK8waG1JeBQ8b5leWNSu
41vHguv5A56arhiVNrMW4z,1EXjXQpDx2pROygh8zvHs4
5kXK8waG1JeBQ8b5leWNSu,1EXjXQpDx2pROygh8zvHs4
728RoHc1KnzggoepsGWPdk,1EXjXQpDx2pROygh8zvHs4
3TLGNOdp1UWYMnV5XG9HkR,1EXjXQpDx2pROygh8zvHs4
1uh9OOdPa89c5zPaOD6K2N,1EXjXQpDx2pROygh8zvHs4
2la5ZJvk9pLFyfHNUdQC1O,1EXjXQpDx2pROygh8zvHs4
2e4nwiX8ZCU09LGLOpeqTH,1EXjXQpDx2pROygh8zvHs4
5kSJMVPcTITrSZxTrHllVN,1EXjXQpDx2pROygh8zvHs4
3TGjUuD23BDUbcsytZQLPt,1EXjXQpDx2pROygh8zvHs4
1EXjXQpDx2pROygh8zvHs4,6tkyhGe9hGI3Lcfo4gVh6Z
0EdvGhlC1FkGItLOWQzG4J,1edl5fzpdS471TaQ8Bgs3w
0EdvGhlC1FkGItLOWQzG4J,1edl5fzpdS471TaQ8Bgs3w
0EdvGhlC1FkGItLOWQzG4J,1edl5fzpdS471TaQ8Bgs3w
0EdvGhlC1FkGItLOWQzG4J,3hbnUwHvxyFxeJ9veCzOE7
0EdvGhlC1FkGItLOWQzG4J,3hbnUwHvxyFxeJ9veCzOE7
0EdvGhlC1FkGItLOWQzG4J,3hbnUwHvxyFxeJ9veCzOE7
0EdvGhlC1FkGItLOWQzG4J,1edl5fzpdS471TaQ8Bgs3w
0EdvGhlC1FkGItLOWQzG4J,3hbnUwHvxyFxeJ9veCzOE7
0EdvGhlC1FkGItLOWQzG4J,32kHdE3Tu65ERimqVLUqVA
0EdvGhlC1FkGItLOWQzG4J,64vDA3vn9MMWqL0Ojx1tvZ
32kHdE3Tu65ERimqVLUqVA,64vDA3vn9MMWqL0Ojx1tvZ
0EdvGhlC1FkGItLOWQzG4J,12tAsNbEQ4Pjkd7s5jXtj9
0EdvGhlC1FkGItLOWQzG4J,64vDA3vn9MMWqL0Ojx1tvZ
12tAsNbEQ4Pjkd7s5jXtj9,64vDA3vn9MMWqL0Ojx1tvZ
0EdvGhlC1FkGItLOWQzG4J,5tt4msHeXL4Xex9Yon7oTa
0EdvGhlC1FkGItLOWQzG4J,7alpu3Ay4g4CQoXmF4ni2c
5tt4msHeXL4Xex9Yon7oTa,7alpu3Ay4g4CQoXmF4ni2c
0EdvGhlC1FkGItLOWQzG4J,5tt4msHeXL4Xex9Yon7oTa
0EdvGhlC1FkGItLOWQzG4J,7alpu3Ay4g4CQoXmF4ni2c
5tt4msHeXL4Xex9Yon7oTa,7alpu3Ay4g4CQoXmF4ni2c
0EdvGhlC1FkGItLOWQzG4J,5tt4msHeXL4Xex9Yon7oTa
0EdvGhlC1FkGItLOWQzG4J,7alpu3Ay4g4CQoXmF4ni2c
5tt4msHeXL4Xex9Yon7oTa,7alpu3Ay4g4CQoXmF4ni2c
0EdvGhlC1FkGItLOWQzG4J,5tt4msHeXL4Xex9Yon7oTa
0EdvGhlC1FkGItLOWQzG4J,7alpu3Ay4g4CQoXmF4ni2c
5tt4msHeXL4Xex9Yon7oTa,7alpu3Ay4g4CQoXmF4ni2c
0EdvGhlC1FkGItLOWQzG4J,5tt4msHeXL4Xex9Yon7oTa
0EdvGhlC1FkGItLOWQzG4J,7alpu3Ay4g4CQoXmF4ni2c
5tt4msHeXL4Xex9Yon7oTa,7alpu3Ay4g4CQoXmF4ni2c
0EdvGhlC1FkGItLOWQzG4J,5tt4msHeXL4Xex9Yon7oTa
0EdvGhlC1FkGItLOWQzG4J,7alpu3Ay4g4CQoXmF4ni2c
5tt4msHeXL4Xex9Yon7oTa,7alpu3Ay4g4CQoXmF4ni2c
0EdvGhlC1FkGItLOWQzG4J,5tt4msHeXL4Xex9Yon7oTa
0EdvGhlC1FkGItLOWQzG4J,7alpu3Ay4g4CQoXmF4ni2c
5tt4msHeXL4Xex9Yon7oTa,7alpu3Ay4g4CQoXmF4ni2c
0EdvGhlC1FkGItLOWQzG4J,5tt4msHeXL4Xex9Yon7oTa
0EdvGhlC1FkGItLOWQzG4J,7alpu3Ay4g4CQoXmF4ni2c
5tt4msHeXL4Xex9Yon7oTa,7alpu3Ay4g4CQoXmF4ni2c
0EdvGhlC1FkGItLOWQzG4J,5tt4msHeXL4Xex9Yon7oTa
0EdvGhlC1FkGItLOWQzG4J,7alpu3Ay4g4CQoXmF4ni2c
5tt4msHeXL4Xex9Yon7oTa,7alpu3Ay4g4CQoXmF4ni2c
0EdvGhlC1FkGItLOWQzG4J,5tt4msHeXL4Xex9Yon7oTa
0EdvGhlC1FkGItLOWQzG4J,7alpu3Ay4g4CQoXmF4ni2c
5tt4msHeXL4Xex9Yon7oTa,7alpu3Ay4g4CQoXmF4ni2c
0EdvGhlC1FkGItLOWQzG4J,5tt4msHeXL4Xex9Yon7oTa
0EdvGhlC1FkGItLOWQzG4J,7alpu3Ay4g4CQoXmF4ni2c
5tt4msHeXL4Xex9Yon7oTa,7alpu3Ay4g4CQoXmF4ni2c
0EdvGhlC1FkGItLOWQzG4J,4yiQZ8tQPux8cPriYMWUFP
0EdvGhlC1FkGItLOWQzG4J,3xpJzqE3evjd4GzQ9pcHNr
0EdvGhlC1FkGItLOWQzG4J,7aBzpmFXB4WWpPl2F7RjBe
0EdvGhlC1FkGItLOWQzG4J,7yk35uHNQclPXFGFoTU44w
0EdvGhlC1FkGItLOWQzG4J,4r65xb6yWHoefo9chOfJCh
7yk35uHNQclPXFGFoTU44w,4r65xb6yWHoefo9chOfJCh
0EdvGhlC1FkGItLOWQzG4J,3xpJzqE3evjd4GzQ9pcHNr
0EdvGhlC1FkGItLOWQzG4J,6oq9LQLuUsD6yClUxUVJgi
0EdvGhlC1FkGItLOWQzG4J,6oq9LQLuUsD6yClUxUVJgi
0EdvGhlC1FkGItLOWQzG4J,6oq9LQLuUsD6yClUxUVJgi
0EdvGhlC1FkGItLOWQzG4J,6hMMpOSfM3cvDpH8Jq5jyE
5vngPClqofybhPERIqQMYd,5W5bDNCqJ1jbCgTxDD0Cb3
5vngPClqofybhPERIqQMYd,3IhWQSrLj8EJjdvjFTpCyo
5vngPClqofybhPERIqQMYd,3FfvYsEGaIb52QPXhg4DcH
5vngPClqofybhPERIqQMYd,0pykeYkEsrzhSng5nBpSYo
5vngPClqofybhPERIqQMYd,2IvkS5MXK0vPGnwyJsrEyV
5vngPClqofybhPERIqQMYd,4TKTii6gnOnUXQHyuo9JaD
5vngPClqofybhPERIqQMYd,3P33qFNGBVXl86yQYWspFj
5vngPClqofybhPERIqQMYd,25NQNriVT2YbSW80ILRWJa
5vngPClqofybhPERIqQMYd,4mxWe1mtYIYfP040G38yvS
5vngPClqofybhPERIqQMYd,66lH4jAE7pqPlOlzUKbwA0
5vngPClqofybhPERIqQMYd,3grHWM9bx2E9vwJCdlRv9O
5vngPClqofybhPERIqQMYd,6SFUC6ORDCIBqPssCBpeHT
5vngPClqofybhPERIqQMYd,6TaRQZ726me3yOu1f2glVH
5vngPClqofybhPERIqQMYd,28AyklUmMECPwdfo8NEsV0
28AyklUmMECPwdfo8NEsV0,5vngPClqofybhPERIqQMYd
28AyklUmMECPwdfo8NEsV0,4mxWe1mtYIYfP040G38yvS
4mxWe1mtYIYfP040G38yvS,28AyklUmMECPwdfo8NEsV0
5vngPClqofybhPERIqQMYd,4mxWe1mtYIYfP040G38yvS
5vngPClqofybhPERIqQMYd,738OS3zrCO782uDiUN9pet
5vngPClqofybhPERIqQMYd,4mxWe1mtYIYfP040G38yvS
5vngPClqofybhPERIqQMYd,42tDjhK9kdS7CCHxs8ysz0
5vngPClqofybhPERIqQMYd,54tWKkrjv4bQgKrQrNlecm
5vngPClqofybhPERIqQMYd,1Mxqyy3pSjf8kZZL4QVxS0
47mIJdHORyRerp4os813jD,0P0NIfeV03o2Bdf1q0xlDE
47mIJdHORyRerp4os813jD,4dt3uDLF3r287ibId32Ps2
47mIJdHORyRerp4os813jD,29O9ZebFa65aIEvMaW5pQY
47mIJdHORyRerp4os813jD,5n3X0T0RlvRxUR6l9dBwB8
47mIJdHORyRerp4os813jD,746nA9NSKsqBDRk343UtkE
47mIJdHORyRerp4os813jD,1oI7fQB3WliumtkbkYuaNz
47mIJdHORyRerp4os813jD,2d3wstlwe427Q7CamLXlpO
47mIJdHORyRerp4os813jD,1oI7fQB3WliumtkbkYuaNz
47mIJdHORyRerp4os813jD,20sWcte254sYMOSM3ozXtf
47mIJdHORyRerp4os813jD,3abmTIIqxlRsONhRZ7sfQB
47mIJdHORyRerp4os813jD,3fHyH5IvOTWYnDXDCjST9y
47mIJdHORyRerp4os813jD,2d3wstlwe427Q7CamLXlpO
47mIJdHORyRerp4os813jD,3ciUz1yuEMltCsRaiEPBA8
47mIJdHORyRerp4os813jD,4YqfXU53VVYBunSuvrDZYO
47mIJdHORyRerp4os813jD,3abmTIIqxlRsONhRZ7sfQB
47mIJdHORyRerp4os813jD,4dt3uDLF3r287ibId32Ps2
47mIJdHORyRerp4os813jD,03LOHqNsgWbNWqz9Ant9eK
47mIJdHORyRerp4os813jD,5n3X0T0RlvRxUR6l9dBwB8
47mIJdHORyRerp4os813jD,4TTEh9cj0iUXFJFBHsysF4
47mIJdHORyRerp4os813jD,625cTtpQZkHRwLwEtpVbA1
47mIJdHORyRerp4os813jD,4TTEh9cj0iUXFJFBHsysF4
47mIJdHORyRerp4os813jD,2wjvBhM9hWFMT4BpKsB98u
47mIJdHORyRerp4os813jD,746nA9NSKsqBDRk343UtkE
47mIJdHORyRerp4os813jD,20sWcte254sYMOSM3ozXtf
47mIJdHORyRerp4os813jD,3ciUz1yuEMltCsRaiEPBA8
47mIJdHORyRerp4os813jD,3fHyH5IvOTWYnDXDCjST9y
47mIJdHORyRerp4os813jD,4YqfXU53VVYBunSuvrDZYO
47mIJdHORyRerp4os813jD,29O9ZebFa65aIEvMaW5pQY
47mIJdHORyRerp4os813jD,03LOHqNsgWbNWqz9Ant9eK
47mIJdHORyRerp4os813jD,4YUBqnGDhH4JphZIhi9cdB
47mIJdHORyRerp4os813jD,6YJ4EgQzDfJnIHRbqIHAdD
47mIJdHORyRerp4os813jD,6RaUtVLO8R5TsVdJIxSrq1
47mIJdHORyRerp4os813jD,7aGBJiUws3qcoRhY2lUizy
47mIJdHORyRerp4os813jD,3pOOUcLNTiZ8nljgMJDXQ6
47mIJdHORyRerp4os813jD,7rgCh0Go1ezmcV75kXQM2T
47mIJdHORyRerp4os813jD,1eL4DVwObeAZjGOVjASAXd
47mIJdHORyRerp4os813jD,0HCAzT0cSCpiNje7AcAQaD
47mIJdHORyRerp4os813jD,7HSBpX7fVOinHb9CNcL6Qe
47mIJdHORyRerp4os813jD,746nA9NSKsqBDRk343UtkE
47mIJdHORyRerp4os813jD,6RaUtVLO8R5TsVdJIxSrq1
47mIJdHORyRerp4os813jD,5PcwbyuOX1pnaeVYatEEB2
47mIJdHORyRerp4os813jD,46NCqFl8vhQZD77y7XkvJs
47mIJdHORyRerp4os813jD,46NCqFl8vhQZD77y7XkvJs
47mIJdHORyRerp4os813jD,746nA9NSKsqBDRk343UtkE
47mIJdHORyRerp4os813jD,0P0NIfeV03o2Bdf1q0xlDE
47mIJdHORyRerp4os813jD,7aGBJiUws3qcoRhY2lUizy
47mIJdHORyRerp4os813jD,7p24N1hqcZaGRNmaYMCTjx
47mIJdHORyRerp4os813jD,7ofyVe7EMTzxkBIy2VeCoV
47mIJdHORyRerp4os813jD,1eL4DVwObeAZjGOVjASAXd
47mIJdHORyRerp4os813jD,4YUBqnGDhH4JphZIhi9cdB
47mIJdHORyRerp4os813jD,3gi5McAv9c0qTjJ5jSmbL0
47mIJdHORyRerp4os813jD,3gi5McAv9c0qTjJ5jSmbL0
47mIJdHORyRerp4os813jD,4qpWUfUAeI34HzvCORn1ze
47mIJdHORyRerp4os813jD,5Q3cgA29ktPS02ny7IF0QW
47mIJdHORyRerp4os813jD,4S3cwLP8haGAdlqyza3GZ3
47mIJdHORyRerp4os813jD,5PcwbyuOX1pnaeVYatEEB2
47mIJdHORyRerp4os813jD,4S3cwLP8haGAdlqyza3GZ3
5PcwbyuOX1pnaeVYatEEB2,4S3cwLP8haGAdlqyza3GZ3
47mIJdHORyRerp4os813jD,7daSp9zXk1dmqNxwKFkL35
47mIJdHORyRerp4os813jD,7HSBpX7fVOinHb9CNcL6Qe
47mIJdHORyRerp4os813jD,7daSp9zXk1dmqNxwKFkL35
47mIJdHORyRerp4os813jD,73aKnLT4O8G2pBEfdlQzrE
47mIJdHORyRerp4os813jD,5Q3cgA29ktPS02ny7IF0QW
47mIJdHORyRerp4os813jD,7ofyVe7EMTzxkBIy2VeCoV
47mIJdHORyRerp4os813jD,5wlHIqEtztZGnUJtWgWOsJ
47mIJdHORyRerp4os813jD,3pOOUcLNTiZ8nljgMJDXQ6
47mIJdHORyRerp4os813jD,4iylWAhvTVtSVhIeAoM7Bl
47mIJdHORyRerp4os813jD,5wlHIqEtztZGnUJtWgWOsJ
47mIJdHORyRerp4os813jD,4rgy5K4lHDLbaSC1MMuY5m
47mIJdHORyRerp4os813jD,7p24N1hqcZaGRNmaYMCTjx
47mIJdHORyRerp4os813jD,73aKnLT4O8G2pBEfdlQzrE
47mIJdHORyRerp4os813jD,6ysKfYgiKUTMCuq2fSTLK3
47mIJdHORyRerp4os813jD,7rgCh0Go1ezmcV75kXQM2T
47mIJdHORyRerp4os813jD,6ysKfYgiKUTMCuq2fSTLK3
0CUpzKPDfIVzYqMn47jiV3,7gSjFKpVmDgC2MMsnN8CYq
53XhwfbYqKCa1cC15pYq2q,6U3ybJ9UHNKEdsH7ktGBZ7
6fxyWrfmjcbj5d12gXeiNV,0xukYGKRRwBWS1N9sfCQoq
6fxyWrfmjcbj5d12gXeiNV,4vZ5UD5pIliRPSdHHj9EUp
0xukYGKRRwBWS1N9sfCQoq,4vZ5UD5pIliRPSdHHj9EUp
0Ty63ceoRnnJKVEYP0VQpk,5Cy6BjgpzVTTP4FURizqmQ
57nPqD7z62gDdq37US9XJR,47mIJdHORyRerp4os813jD
57nPqD7z62gDdq37US9XJR,47mIJdHORyRerp4os813jD
57nPqD7z62gDdq37US9XJR,47mIJdHORyRerp4os813jD
57nPqD7z62gDdq37US9XJR,47mIJdHORyRerp4os813jD
57nPqD7z62gDdq37US9XJR,6miGR3rwRwHZeYccO02ofG
47mIJdHORyRerp4os813jD,6miGR3rwRwHZeYccO02ofG
57nPqD7z62gDdq37US9XJR,47mIJdHORyRerp4os813jD
57nPqD7z62gDdq37US9XJR,47mIJdHORyRerp4os813jD
57nPqD7z62gDdq37US9XJR,47mIJdHORyRerp4os813jD
57nPqD7z62gDdq37US9XJR,47mIJdHORyRerp4os813jD
57nPqD7z62gDdq37US9XJR,47mIJdHORyRerp4os813jD
57nPqD7z62gDdq37US9XJR,47mIJdHORyRerp4os813jD
57nPqD7z62gDdq37US9XJR,47mIJdHORyRerp4os813jD
57nPqD7z62gDdq37US9XJR,47mIJdHORyRerp4os813jD
57nPqD7z62gDdq37US9XJR,6miGR3rwRwHZeYccO02ofG
47mIJdHORyRerp4os813jD,6miGR3rwRwHZeYccO02ofG
57nPqD7z62gDdq37US9XJR,47mIJdHORyRerp4os813jD
57nPqD7z62gDdq37US9XJR,47mIJdHORyRerp4os813jD
57nPqD7z62gDdq37US9XJR,47mIJdHORyRerp4os813jD
57nPqD7z62gDdq37US9XJR,47mIJdHORyRerp4os813jD
57nPqD7z62gDdq37US9XJR,47mIJdHORyRerp4os813jD
57nPqD7z62gDdq37US9XJR,47mIJdHORyRerp4os813jD
57nPqD7z62gDdq37US9XJR,47mIJdHORyRerp4os813jD
57nPqD7z62gDdq37US9XJR,47mIJdHORyRerp4os813jD
57nPqD7z62gDdq37US9XJR,47mIJdHORyRerp4os813jD
57nPqD7z62gDdq37US9XJR,47mIJdHORyRerp4os813jD
57nPqD7z62gDdq37US9XJR,47mIJdHORyRerp4os813jD
57nPqD7z62gDdq37US9XJR,5Cy6BjgpzVTTP4FURizqmQ
47mIJdHORyRerp4os813jD,5Cy6BjgpzVTTP4FURizqmQ
57nPqD7z62gDdq37US9XJR,47mIJdHORyRerp4os813jD
57nPqD7z62gDdq37US9XJR,47mIJdHORyRerp4os813jD
57nPqD7z62gDdq37US9XJR,47mIJdHORyRerp4os813jD
57nPqD7z62gDdq37US9XJR,47mIJdHORyRerp4os813jD
57nPqD7z62gDdq37US9XJR,47mIJdHORyRerp4os813jD
57nPqD7z62gDdq37US9XJR,47mIJdHORyRerp4os813jD
57nPqD7z62gDdq37US9XJR,47mIJdHORyRerp4os813jD
57nPqD7z62gDdq37US9XJR,47mIJdHORyRerp4os813jD
57nPqD7z62gDdq37US9XJR,47mIJdHORyRerp4os813jD
57nPqD7z62gDdq37US9XJR,47mIJdHORyRerp4os813jD
57nPqD7z62gDdq37US9XJR,5Cy6BjgpzVTTP4FURizqmQ
57nPqD7z62gDdq37US9XJR,5Cy6BjgpzVTTP4FURizqmQ
57nPqD7z62gDdq37US9XJR,6miGR3rwRwHZeYccO02ofG
57nPqD7z62gDdq37US9XJR,5Cy6BjgpzVTTP4FURizqmQ
57nPqD7z62gDdq37US9XJR,6miGR3rwRwHZeYccO02ofG
57nPqD7z62gDdq37US9XJR,6miGR3rwRwHZeYccO02ofG
47mIJdHORyRerp4os813jD,2ZLkrrjhoAzlDuxGZJSWB2
47mIJdHORyRerp4os813jD,746nA9NSKsqBDRk343UtkE
47mIJdHORyRerp4os813jD,0SNEph9mcT3XMM7XRRf5ox
47mIJdHORyRerp4os813jD,1eL4DVwObeAZjGOVjASAXd
47mIJdHORyRerp4os813jD,0HCAzT0cSCpiNje7AcAQaD
47mIJdHORyRerp4os813jD,7aGBJiUws3qcoRhY2lUizy
47mIJdHORyRerp4os813jD,4rgy5K4lHDLbaSC1MMuY5m
7aGBJiUws3qcoRhY2lUizy,4rgy5K4lHDLbaSC1MMuY5m
47mIJdHORyRerp4os813jD,6ysKfYgiKUTMCuq2fSTLK3
47mIJdHORyRerp4os813jD,3Nb8N20WChM0swo5qWTvm8
47mIJdHORyRerp4os813jD,7daSp9zXk1dmqNxwKFkL35
47mIJdHORyRerp4os813jD,4YUBqnGDhH4JphZIhi9cdB
47mIJdHORyRerp4os813jD,4iylWAhvTVtSVhIeAoM7Bl
47mIJdHORyRerp4os813jD,4iylWAhvTVtSVhIeAoM7Bl
47mIJdHORyRerp4os813jD,5P8zM1rnE2owF1M5HzAuM5
47mIJdHORyRerp4os813jD,46NCqFl8vhQZD77y7XkvJs
47mIJdHORyRerp4os813jD,6YJ4EgQzDfJnIHRbqIHAdD
47mIJdHORyRerp4os813jD,4rgy5K4lHDLbaSC1MMuY5m
47mIJdHORyRerp4os813jD,1eL4DVwObeAZjGOVjASAXd
47mIJdHORyRerp4os813jD,5PcwbyuOX1pnaeVYatEEB2
47mIJdHORyRerp4os813jD,4S3cwLP8haGAdlqyza3GZ3
5PcwbyuOX1pnaeVYatEEB2,4S3cwLP8haGAdlqyza3GZ3
47mIJdHORyRerp4os813jD,0SNEph9mcT3XMM7XRRf5ox
47mIJdHORyRerp4os813jD,3pOOUcLNTiZ8nljgMJDXQ6
47mIJdHORyRerp4os813jD,7rgCh0Go1ezmcV75kXQM2T
47mIJdHORyRerp4os813jD,746nA9NSKsqBDRk343UtkE
47mIJdHORyRerp4os813jD,3Nb8N20WChM0swo5qWTvm8
47mIJdHORyRerp4os813jD,7daSp9zXk1dmqNxwKFkL35
47mIJdHORyRerp4os813jD,6ysKfYgiKUTMCuq2fSTLK3
47mIJdHORyRerp4os813jD,7aGBJiUws3qcoRhY2lUizy
47mIJdHORyRerp4os813jD,46NCqFl8vhQZD77y7XkvJs
47mIJdHORyRerp4os813jD,0HCAzT0cSCpiNje7AcAQaD
47mIJdHORyRerp4os813jD,7HSBpX7fVOinHb9CNcL6Qe
47mIJdHORyRerp4os813jD,5VIvm6mJVnzoOrcFEsKIfP
47mIJdHORyRerp4os813jD,5P8zM1rnE2owF1M5HzAuM5
47mIJdHORyRerp4os813jD,7HSBpX7fVOinHb9CNcL6Qe
47mIJdHORyRerp4os813jD,73aKnLT4O8G2pBEfdlQzrE
47mIJdHORyRerp4os813jD,73aKnLT4O8G2pBEfdlQzrE
47mIJdHORyRerp4os813jD,3pOOUcLNTiZ8nljgMJDXQ6
47mIJdHORyRerp4os813jD,66UYe21to5428Q4DovXER4
47mIJdHORyRerp4os813jD,40eCNuH12cyxEcIVObqFrG
47mIJdHORyRerp4os813jD,0Ye4nfYAA91T1X56gnlXAA
47mIJdHORyRerp4os813jD,4XIIdT0K7u7d1Tz5Vfx0JG
47mIJdHORyRerp4os813jD,5ttgIeUVka6FLyi00Uu5h8
47mIJdHORyRerp4os813jD,0daugAjUgbJSqdlyYNwIbT
47mIJdHORyRerp4os813jD,64KEffDW9EtZ1y2vBYgq8T
47mIJdHORyRerp4os813jD,1KkjjsBwGqU2YjS9OIucZV
47mIJdHORyRerp4os813jD,0MHUXo8PYYFpnXY73siC8T
47mIJdHORyRerp4os813jD,16yUpGkBRgc2eDMd3bB3Uw
47mIJdHORyRerp4os813jD,0aDsWi94F00dRrMXnkygrF
47mIJdHORyRerp4os813jD,0M06jtxqFqV8P4vy5LCmUU
47mIJdHORyRerp4os813jD,0maicLMFF0aeHwJlQgZrNa
3tlXnStJ1fFhdScmQeLpuG,5BozIJTTNCufaZpjhy2der
3tlXnStJ1fFhdScmQeLpuG,4V8LLVI7PbaPR0K2TGSxFF
5BozIJTTNCufaZpjhy2der,4V8LLVI7PbaPR0K2TGSxFF
3tlXnStJ1fFhdScmQeLpuG,3DiDSECUqqY1AuBP8qtaIa
3tlXnStJ1fFhdScmQeLpuG,3TVXtAsR1Inumwj472S9r4
3tlXnStJ1fFhdScmQeLpuG,0KuF7reCTOZwV7YJnHQqgr
3TVXtAsR1Inumwj472S9r4,0KuF7reCTOZwV7YJnHQqgr
3tlXnStJ1fFhdScmQeLpuG,0gY0jm6QAzJCAslmZC3T35
3tlXnStJ1fFhdScmQeLpuG,48Py72qV4J4hzvJXXRDNz0
3tlXnStJ1fFhdScmQeLpuG,4V8LLVI7PbaPR0K2TGSxFF
3tlXnStJ1fFhdScmQeLpuG,48Py72qV4J4hzvJXXRDNz0
39yVoqm6sYFvvqF1RciUVf,7fAKtXSdNInWAIf0jVUz65
39yVoqm6sYFvvqF1RciUVf,796OSRuB0E9Hq55uTFL9U8
39yVoqm6sYFvvqF1RciUVf,4mN0qcMxWX8oToqfDPM5yV
39yVoqm6sYFvvqF1RciUVf,5IFCkqu9J6xdWeYMk5I889
39yVoqm6sYFvvqF1RciUVf,2uyweLa0mvPZH6eRzDddeB
39yVoqm6sYFvvqF1RciUVf,4NEYQeEYBUjfaXgDQGvFvu
39yVoqm6sYFvvqF1RciUVf,1h4iSQAKdvAAm07l6FX6dy
39yVoqm6sYFvvqF1RciUVf,2HvyR5FsU37QMqVzIbGwl7
39yVoqm6sYFvvqF1RciUVf,67h1eGw2OFs89l8EnaOdoS
2Cy7KBSkqu7otJfuMTWT7Y,39yVoqm6sYFvvqF1RciUVf
2MRBDr0crHWE5JwPceFncq,39yVoqm6sYFvvqF1RciUVf
39yVoqm6sYFvvqF1RciUVf,53SW1VOUeS8oUvo3nYyhOl
6qhOH2mrlqUDod9sWA5kR2,39yVoqm6sYFvvqF1RciUVf
4OgNARLQSC4yy7Dsa5cqxx,39yVoqm6sYFvvqF1RciUVf
39yVoqm6sYFvvqF1RciUVf,264nbMzGPSkDZqTY8nXwCG
39yVoqm6sYFvvqF1RciUVf,5kSJMVPcTITrSZxTrHllVN
39yVoqm6sYFvvqF1RciUVf,1r4hJ1h58CWwUQe3MxPuau
39yVoqm6sYFvvqF1RciUVf,4jogXSSvlyMkODGSZ2wc2P
1r4hJ1h58CWwUQe3MxPuau,4jogXSSvlyMkODGSZ2wc2P
39yVoqm6sYFvvqF1RciUVf,264nbMzGPSkDZqTY8nXwCG
39yVoqm6sYFvvqF1RciUVf,5kSJMVPcTITrSZxTrHllVN
39yVoqm6sYFvvqF1RciUVf,6HTUcOExehqydqa7C3usAa
39yVoqm6sYFvvqF1RciUVf,2cy1zPcrFcXAJTP0APWewL
39yVoqm6sYFvvqF1RciUVf,6HTUcOExehqydqa7C3usAa
39yVoqm6sYFvvqF1RciUVf,2cy1zPcrFcXAJTP0APWewL
39yVoqm6sYFvvqF1RciUVf,2uEjXyVi0SA1HPpj3zquXh
39yVoqm6sYFvvqF1RciUVf,0C5XvcSXvR6sR9gjERBXDJ
2uEjXyVi0SA1HPpj3zquXh,0C5XvcSXvR6sR9gjERBXDJ
39yVoqm6sYFvvqF1RciUVf,6HTUcOExehqydqa7C3usAa
39yVoqm6sYFvvqF1RciUVf,2SvbyJMDoNgCJIYpQiFx5v
39yVoqm6sYFvvqF1RciUVf,05bocKf1fUhz3scUZZKVv6
39yVoqm6sYFvvqF1RciUVf,69BUYvpG9MbjCyIZfsFdhJ
39yVoqm6sYFvvqF1RciUVf,6FOpWOxsjQxKEbLiJpU1xV
39yVoqm6sYFvvqF1RciUVf,77aLk6J8ofnVxa1eXK9jiU
39yVoqm6sYFvvqF1RciUVf,03Qx159jmT9mvmw5YjzvAs
39yVoqm6sYFvvqF1RciUVf,3NeB89rPg1UXaQ8vHJvj0D
03Qx159jmT9mvmw5YjzvAs,3NeB89rPg1UXaQ8vHJvj0D
39yVoqm6sYFvvqF1RciUVf,7jvSyAWIufPC7ijNsh2BUU
39yVoqm6sYFvvqF1RciUVf,4NEYQeEYBUjfaXgDQGvFvu
39yVoqm6sYFvvqF1RciUVf,6FOpWOxsjQxKEbLiJpU1xV
39yVoqm6sYFvvqF1RciUVf,0YSFc6ZjqSYIZnHQGBzBcF
39yVoqm6sYFvvqF1RciUVf,3t7UqWteBBmHXkcVhMSyay
39yVoqm6sYFvvqF1RciUVf,5B8ApeENp4bE4EE3LI8jK2
39yVoqm6sYFvvqF1RciUVf,4W2wMlq38kFgzcOOsWH5lu
6ASri4ePR7RlsvIQgWPJpS,4exLIFE8sISLr28sqG1qNX
6ASri4ePR7RlsvIQgWPJpS,4exLIFE8sISLr28sqG1qNX
6ASri4ePR7RlsvIQgWPJpS,6TIYQ3jFPwQSRmorSezPxX
4exLIFE8sISLr28sqG1qNX,6TIYQ3jFPwQSRmorSezPxX
6ASri4ePR7RlsvIQgWPJpS,4exLIFE8sISLr28sqG1qNX
6ASri4ePR7RlsvIQgWPJpS,6TIYQ3jFPwQSRmorSezPxX
6ASri4ePR7RlsvIQgWPJpS,4exLIFE8sISLr28sqG1qNX
6TIYQ3jFPwQSRmorSezPxX,4exLIFE8sISLr28sqG1qNX
6ASri4ePR7RlsvIQgWPJpS,5f7VJjfbwm532GiveGC0ZK
6ASri4ePR7RlsvIQgWPJpS,4exLIFE8sISLr28sqG1qNX
6ASri4ePR7RlsvIQgWPJpS,7vSY9HEreOqb1Llar3UC38
6ASri4ePR7RlsvIQgWPJpS,0MGJHTThvyAyqKuEAgPqDr
6ASri4ePR7RlsvIQgWPJpS,21WS9wngs9AqFckK7yYJPM
6ASri4ePR7RlsvIQgWPJpS,1EBoLDWzc0lpDDIVasJhAv
5hdhHgpxyniooUiQVaPxQ0,1fux65HMCBvfJHqlBc4Nno
5hdhHgpxyniooUiQVaPxQ0,1fux65HMCBvfJHqlBc4Nno
5hdhHgpxyniooUiQVaPxQ0,1fux65HMCBvfJHqlBc4Nno
5hdhHgpxyniooUiQVaPxQ0,4IMAo2UQchVFyPH24PAjUs
1fux65HMCBvfJHqlBc4Nno,4IMAo2UQchVFyPH24PAjUs
5hdhHgpxyniooUiQVaPxQ0,1fux65HMCBvfJHqlBc4Nno
5hdhHgpxyniooUiQVaPxQ0,1mcTU81TzQhprhouKaTkpq
1fux65HMCBvfJHqlBc4Nno,1mcTU81TzQhprhouKaTkpq
5hdhHgpxyniooUiQVaPxQ0,1fux65HMCBvfJHqlBc4Nno
5hdhHgpxyniooUiQVaPxQ0,1fux65HMCBvfJHqlBc4Nno
5hdhHgpxyniooUiQVaPxQ0,0eHQ9o50hj6ZDNBt6Ys1sD
1fux65HMCBvfJHqlBc4Nno,0eHQ9o50hj6ZDNBt6Ys1sD
5hdhHgpxyniooUiQVaPxQ0,1fux65HMCBvfJHqlBc4Nno
5hdhHgpxyniooUiQVaPxQ0,1fux65HMCBvfJHqlBc4Nno
5hdhHgpxyniooUiQVaPxQ0,2cPqdH7XMvwaBJEVjheH8g
1fux65HMCBvfJHqlBc4Nno,2cPqdH7XMvwaBJEVjheH8g
5hdhHgpxyniooUiQVaPxQ0,1fux65HMCBvfJHqlBc4Nno
5hdhHgpxyniooUiQVaPxQ0,4riOEaOW5hCeqomFDBk0aP
1fux65HMCBvfJHqlBc4Nno,4riOEaOW5hCeqomFDBk0aP
5hdhHgpxyniooUiQVaPxQ0,1TtXnWcUs0FCkaZDPGYHdf
00XhexlJEXQstHimpZN910,65jIUih0ZeTUJhSTRuYxpi
00XhexlJEXQstHimpZN910,0KPX4Ucy9dk82uj4GpKesn
00XhexlJEXQstHimpZN910,1pQWsZQehhS4wavwh7Fnxd
0KPX4Ucy9dk82uj4GpKesn,1pQWsZQehhS4wavwh7Fnxd
00XhexlJEXQstHimpZN910,3NpG6SsHaQETkdQVZH6V1E
00XhexlJEXQstHimpZN910,1i8SpTcr7yvPOmcqrbnVXY
00XhexlJEXQstHimpZN910,47MpMsUfWtgyIIBEFOr4FE
1i8SpTcr7yvPOmcqrbnVXY,47MpMsUfWtgyIIBEFOr4FE
00XhexlJEXQstHimpZN910,4SsVbpTthjScTS7U2hmr1X
00XhexlJEXQstHimpZN910,4lYCHDsGD7sbyyiTzMdXZ1
4SsVbpTthjScTS7U2hmr1X,4lYCHDsGD7sbyyiTzMdXZ1
00XhexlJEXQstHimpZN910,5bWUlnPx9OYKsLiUJrhCA1
00XhexlJEXQstHimpZN910,3rDYAiKm3c9RgztxGEUfto
5bWUlnPx9OYKsLiUJrhCA1,3rDYAiKm3c9RgztxGEUfto
00XhexlJEXQstHimpZN910,4z19QMyPVRwbd4Fs2LisBa
6uothxMWeLWIhsGeF7cyo4,0m6YTTteUC92mq7syRFdHx
6uothxMWeLWIhsGeF7cyo4,2iSeOvFnW2N7GDdGPuaNBa
6uothxMWeLWIhsGeF7cyo4,0m6YTTteUC92mq7syRFdHx
2iSeOvFnW2N7GDdGPuaNBa,0m6YTTteUC92mq7syRFdHx
2WDYY8byeZMIdyaeWGOrKO,65aUuljtteEJLrGCVlKOVr
2WDYY8byeZMIdyaeWGOrKO,707GbNoBeS84Q5hWzQS9Dk
6uothxMWeLWIhsGeF7cyo4,7HqWlmaTyA3njnpIgzGmtQ
3j4LXtRpzgjHKCNk4DLKDO,65qMhBb4xLX2zrr2bxs7BD
6uothxMWeLWIhsGeF7cyo4,7HqWlmaTyA3njnpIgzGmtQ
4P70aqttdpJ9vuYFDmf7f6,05zfH2SVPI17P26CbkY0Vp
6uothxMWeLWIhsGeF7cyo4,2iSeOvFnW2N7GDdGPuaNBa
4BeyhaV9ygA9mGfOa8yojf,2iSeOvFnW2N7GDdGPuaNBa
4BeyhaV9ygA9mGfOa8yojf,5I0IY1kz7K7Iq0vpdxYXu5
2iSeOvFnW2N7GDdGPuaNBa,5I0IY1kz7K7Iq0vpdxYXu5
6uothxMWeLWIhsGeF7cyo4,7HqWlmaTyA3njnpIgzGmtQ
7cYEt1pqMgXJdq00hAwVpT,4lpKeKXJYkglSWyEmnOF7O
7cYEt1pqMgXJdq00hAwVpT,5ZD5SEaKtPcA27WyUOwcxS
4lpKeKXJYkglSWyEmnOF7O,5ZD5SEaKtPcA27WyUOwcxS
7cYEt1pqMgXJdq00hAwVpT,0uGk2czvcpWQA383Im6ajf
7cYEt1pqMgXJdq00hAwVpT,5WyJhpNewRPUahSlrxkOeR
0GOx72r5AAEKRGQFn3xqXK,6W5uA6CNMf3hd2j4a2XWCx
0GOx72r5AAEKRGQFn3xqXK,3IW7ScrzXmPvZhB27hmfgy
0GOx72r5AAEKRGQFn3xqXK,2kXKa3aAFngGz2P4GjG5w2
3IW7ScrzXmPvZhB27hmfgy,2kXKa3aAFngGz2P4GjG5w2
0GOx72r5AAEKRGQFn3xqXK,4LXBc13z5EWsc5N32bLxfH
0GOx72r5AAEKRGQFn3xqXK,3ET3Si8LBSKNoqmdXORrP8
0GOx72r5AAEKRGQFn3xqXK,7xNYY1Zkb1vks5m9ATlJok
0GOx72r5AAEKRGQFn3xqXK,4CflzQprp6nZxKiv0t78tH
0GOx72r5AAEKRGQFn3xqXK,7G9dCn1mqomAa0ucJoBm6J
0GOx72r5AAEKRGQFn3xqXK,4CflzQprp6nZxKiv0t78tH
0GOx72r5AAEKRGQFn3xqXK,6HCBnyTBSLdb3TFn2ayulY
0GOx72r5AAEKRGQFn3xqXK,3i2AdhSP4YeSYY1m5JoUnK
0GOx72r5AAEKRGQFn3xqXK,6Mm2g25BTeJ6BICPFWGkPg
0GOx72r5AAEKRGQFn3xqXK,3PyaGuMA7L7ipm3bYirgsC
0GOx72r5AAEKRGQFn3xqXK,3lH3FnDy0T0LLWvSkoNuaW
0GOx72r5AAEKRGQFn3xqXK,3YwqjMyrRfuixi2pbgTGCE
0GOx72r5AAEKRGQFn3xqXK,3CnCGFxXbOA8bAK54jR8js
0GOx72r5AAEKRGQFn3xqXK,1ntQKIMIgESKpKoNXVBvQg
0GOx72r5AAEKRGQFn3xqXK,6JWt9UA0Ir3CSdPbkBp3ni
0GOx72r5AAEKRGQFn3xqXK,6W5uA6CNMf3hd2j4a2XWCx
0GOx72r5AAEKRGQFn3xqXK,3IW7ScrzXmPvZhB27hmfgy
0GOx72r5AAEKRGQFn3xqXK,2kXKa3aAFngGz2P4GjG5w2
3IW7ScrzXmPvZhB27hmfgy,2kXKa3aAFngGz2P4GjG5w2
0GOx72r5AAEKRGQFn3xqXK,4LXBc13z5EWsc5N32bLxfH
0GOx72r5AAEKRGQFn3xqXK,3ET3Si8LBSKNoqmdXORrP8
0GOx72r5AAEKRGQFn3xqXK,7xNYY1Zkb1vks5m9ATlJok
0GOx72r5AAEKRGQFn3xqXK,4CflzQprp6nZxKiv0t78tH
0GOx72r5AAEKRGQFn3xqXK,7G9dCn1mqomAa0ucJoBm6J
0GOx72r5AAEKRGQFn3xqXK,6t7U7sYlVCtlMWzbecJcHd
0GOx72r5AAEKRGQFn3xqXK,4CflzQprp6nZxKiv0t78tH
0GOx72r5AAEKRGQFn3xqXK,6HCBnyTBSLdb3TFn2ayulY
0GOx72r5AAEKRGQFn3xqXK,3i2AdhSP4YeSYY1m5JoUnK
0GOx72r5AAEKRGQFn3xqXK,6Mm2g25BTeJ6BICPFWGkPg
0GOx72r5AAEKRGQFn3xqXK,7vDn63g6c9jVxfVpe9GmcI
0GOx72r5AAEKRGQFn3xqXK,5gqmbbfjcikQBzPB5Hv13I
0GOx72r5AAEKRGQFn3xqXK,3lH3FnDy0T0LLWvSkoNuaW
0GOx72r5AAEKRGQFn3xqXK,3YwqjMyrRfuixi2pbgTGCE
0GOx72r5AAEKRGQFn3xqXK,3CnCGFxXbOA8bAK54jR8js
0GOx72r5AAEKRGQFn3xqXK,1ntQKIMIgESKpKoNXVBvQg
0GOx72r5AAEKRGQFn3xqXK,6JWt9UA0Ir3CSdPbkBp3ni
0GOx72r5AAEKRGQFn3xqXK,6W5uA6CNMf3hd2j4a2XWCx
0GOx72r5AAEKRGQFn3xqXK,4LXBc13z5EWsc5N32bLxfH
0GOx72r5AAEKRGQFn3xqXK,361yF1F1cJGF4fL1dnCohu
0GOx72r5AAEKRGQFn3xqXK,7xNYY1Zkb1vks5m9ATlJok
0GOx72r5AAEKRGQFn3xqXK,4CflzQprp6nZxKiv0t78tH
0GOx72r5AAEKRGQFn3xqXK,7G9dCn1mqomAa0ucJoBm6J
0GOx72r5AAEKRGQFn3xqXK,6t7U7sYlVCtlMWzbecJcHd
0GOx72r5AAEKRGQFn3xqXK,4CflzQprp6nZxKiv0t78tH
0GOx72r5AAEKRGQFn3xqXK,6HCBnyTBSLdb3TFn2ayulY
0GOx72r5AAEKRGQFn3xqXK,3i2AdhSP4YeSYY1m5JoUnK
0GOx72r5AAEKRGQFn3xqXK,6Mm2g25BTeJ6BICPFWGkPg
0GOx72r5AAEKRGQFn3xqXK,3PyaGuMA7L7ipm3bYirgsC
0GOx72r5AAEKRGQFn3xqXK,5gqmbbfjcikQBzPB5Hv13I
0GOx72r5AAEKRGQFn3xqXK,3lH3FnDy0T0LLWvSkoNuaW
0GOx72r5AAEKRGQFn3xqXK,3YwqjMyrRfuixi2pbgTGCE
0GOx72r5AAEKRGQFn3xqXK,3CnCGFxXbOA8bAK54jR8js
0GOx72r5AAEKRGQFn3xqXK,1ntQKIMIgESKpKoNXVBvQg
0GOx72r5AAEKRGQFn3xqXK,6JWt9UA0Ir3CSdPbkBp3ni
0GOx72r5AAEKRGQFn3xqXK,7xNYY1Zkb1vks5m9ATlJok
0GOx72r5AAEKRGQFn3xqXK,6JWt9UA0Ir3CSdPbkBp3ni
0GOx72r5AAEKRGQFn3xqXK,1wAtSe79kItIb9nf5EhI2Q
0GOx72r5AAEKRGQFn3xqXK,6qFt3TjvxMt77YGsktWG8Z
0GOx72r5AAEKRGQFn3xqXK,2ZMnWI3oIHyj7MyuZ99gvu
0GOx72r5AAEKRGQFn3xqXK,1G6vOMAmvp8zog2GhG6avm
2ZMnWI3oIHyj7MyuZ99gvu,1G6vOMAmvp8zog2GhG6avm
0GOx72r5AAEKRGQFn3xqXK,4sbXXFzEWJY2zsZjelerjX
0GOx72r5AAEKRGQFn3xqXK,13dBSkdYZEbzbB05r1ikHS
0GOx72r5AAEKRGQFn3xqXK,4FpJcNgOvIpSBeJgRg3OfN
0GOx72r5AAEKRGQFn3xqXK,63hFhXYW3r2q8uW2Rf3LUw
4FpJcNgOvIpSBeJgRg3OfN,63hFhXYW3r2q8uW2Rf3LUw
0GOx72r5AAEKRGQFn3xqXK,4WnAHZz1pgl8hus8hidIRV
0GOx72r5AAEKRGQFn3xqXK,55Aa2cqylxrFIXC767Z865
0GOx72r5AAEKRGQFn3xqXK,6vXTefBL93Dj5IqAWq6OTv
55Aa2cqylxrFIXC767Z865,6vXTefBL93Dj5IqAWq6OTv
4FpJcNgOvIpSBeJgRg3OfN,0GOx72r5AAEKRGQFn3xqXK
0GOx72r5AAEKRGQFn3xqXK,1PpMfsOyfZ3nmcSoiIohpC
0GOx72r5AAEKRGQFn3xqXK,6t7U7sYlVCtlMWzbecJcHd
1PpMfsOyfZ3nmcSoiIohpC,6t7U7sYlVCtlMWzbecJcHd
0GOx72r5AAEKRGQFn3xqXK,4sbXXFzEWJY2zsZjelerjX
0GOx72r5AAEKRGQFn3xqXK,2z2TRvloJt4EfUNQp9rHAi
4sbXXFzEWJY2zsZjelerjX,2z2TRvloJt4EfUNQp9rHAi
0GOx72r5AAEKRGQFn3xqXK,6qFt3TjvxMt77YGsktWG8Z
0GOx72r5AAEKRGQFn3xqXK,2ZMnWI3oIHyj7MyuZ99gvu
0GOx72r5AAEKRGQFn3xqXK,1G6vOMAmvp8zog2GhG6avm
2ZMnWI3oIHyj7MyuZ99gvu,1G6vOMAmvp8zog2GhG6avm
0GOx72r5AAEKRGQFn3xqXK,4sbXXFzEWJY2zsZjelerjX
0GOx72r5AAEKRGQFn3xqXK,13dBSkdYZEbzbB05r1ikHS
0GOx72r5AAEKRGQFn3xqXK,4FpJcNgOvIpSBeJgRg3OfN
0GOx72r5AAEKRGQFn3xqXK,63hFhXYW3r2q8uW2Rf3LUw
4FpJcNgOvIpSBeJgRg3OfN,63hFhXYW3r2q8uW2Rf3LUw
0GOx72r5AAEKRGQFn3xqXK,4WnAHZz1pgl8hus8hidIRV
0GOx72r5AAEKRGQFn3xqXK,55Aa2cqylxrFIXC767Z865
0GOx72r5AAEKRGQFn3xqXK,6vXTefBL93Dj5IqAWq6OTv
55Aa2cqylxrFIXC767Z865,6vXTefBL93Dj5IqAWq6OTv
4FpJcNgOvIpSBeJgRg3OfN,0GOx72r5AAEKRGQFn3xqXK
0GOx72r5AAEKRGQFn3xqXK,6qFt3TjvxMt77YGsktWG8Z
0GOx72r5AAEKRGQFn3xqXK,2ZMnWI3oIHyj7MyuZ99gvu
0GOx72r5AAEKRGQFn3xqXK,1G6vOMAmvp8zog2GhG6avm
2ZMnWI3oIHyj7MyuZ99gvu,1G6vOMAmvp8zog2GhG6avm
0GOx72r5AAEKRGQFn3xqXK,55Aa2cqylxrFIXC767Z865
0GOx72r5AAEKRGQFn3xqXK,6vXTefBL93Dj5IqAWq6OTv
55Aa2cqylxrFIXC767Z865,6vXTefBL93Dj5IqAWq6OTv
0GOx72r5AAEKRGQFn3xqXK,0dFKe6BmcXTSwyC2NMWK6I
0GOx72r5AAEKRGQFn3xqXK,2urF8dgLVfDjunO0pcHUEe
0GOx72r5AAEKRGQFn3xqXK,0dFKe6BmcXTSwyC2NMWK6I
0GOx72r5AAEKRGQFn3xqXK,55Aa2cqylxrFIXC767Z865
0GOx72r5AAEKRGQFn3xqXK,25yJrwrn5I0EUdQEiTtNSO
0GOx72r5AAEKRGQFn3xqXK,63hFhXYW3r2q8uW2Rf3LUw
0GOx72r5AAEKRGQFn3xqXK,4TOMkOzoM1F0xOtkw1oiEb
0GOx72r5AAEKRGQFn3xqXK,5WUlDfRSoLAfcVSX1WnrxN
0GOx72r5AAEKRGQFn3xqXK,7CUFPNi1TU8RowpnFRSsZV
0GOx72r5AAEKRGQFn3xqXK,2zTuJejwDNORTLRCkQPbHy
0GOx72r5AAEKRGQFn3xqXK,09M7zqUroSleD8V1Yifl4a
2zTuJejwDNORTLRCkQPbHy,09M7zqUroSleD8V1Yifl4a
0GOx72r5AAEKRGQFn3xqXK,3IW7ScrzXmPvZhB27hmfgy
0GOx72r5AAEKRGQFn3xqXK,17SB3jgT1zrWCOTAxJIXr7
3IW7ScrzXmPvZhB27hmfgy,17SB3jgT1zrWCOTAxJIXr7
0GOx72r5AAEKRGQFn3xqXK,5nzb4lFHogGWcsd9njLT0M
0GOx72r5AAEKRGQFn3xqXK,4sbXXFzEWJY2zsZjelerjX
0GOx72r5AAEKRGQFn3xqXK,5SMohOuUFVUsuLwYLhmIA6
0GOx72r5AAEKRGQFn3xqXK,5Jzy0ut6BEcjGw9YS03OFQ
0GOx72r5AAEKRGQFn3xqXK,6oOcfqwwNwjXjYS2beZoKf
0GOx72r5AAEKRGQFn3xqXK,63hFhXYW3r2q8uW2Rf3LUw
0GOx72r5AAEKRGQFn3xqXK,7lMgpN1tEBQKpRoUMKB8iw
0GOx72r5AAEKRGQFn3xqXK,1ol43gfhrX1PkHep7fqCsO
7lMgpN1tEBQKpRoUMKB8iw,1ol43gfhrX1PkHep7fqCsO
0GOx72r5AAEKRGQFn3xqXK,5h0VUGq3Pn45E3rcz9oe66
0GOx72r5AAEKRGQFn3xqXK,4s7lub6OTMblNwFn9wXClR
0GOx72r5AAEKRGQFn3xqXK,2CgPBdrhhS17cwVDnnq7Up
0GOx72r5AAEKRGQFn3xqXK,6xrmcNsyd2topX3r1suglc
0GOx72r5AAEKRGQFn3xqXK,6oOcfqwwNwjXjYS2beZoKf
6xrmcNsyd2topX3r1suglc,6oOcfqwwNwjXjYS2beZoKf
0GOx72r5AAEKRGQFn3xqXK,0TnOYISbd1XYRBk9myaseg
0GOx72r5AAEKRGQFn3xqXK,1ol43gfhrX1PkHep7fqCsO
2XnBwblw31dfGnspMIwgWz,1xNmvlEiICkRlRGqlNFZ43
2XnBwblw31dfGnspMIwgWz,6hyMWrxGBsOx6sWcVj1DqP
1xNmvlEiICkRlRGqlNFZ43,6hyMWrxGBsOx6sWcVj1DqP
2XnBwblw31dfGnspMIwgWz,1xNmvlEiICkRlRGqlNFZ43
2XnBwblw31dfGnspMIwgWz,6hyMWrxGBsOx6sWcVj1DqP
1xNmvlEiICkRlRGqlNFZ43,6hyMWrxGBsOx6sWcVj1DqP
2XnBwblw31dfGnspMIwgWz,6KZDXtSj0SzGOV705nNeh3
21mKp7DqtSNHhCAU2ugvUw,0HWfFWL4vVrbaBQqxVCwCi
21mKp7DqtSNHhCAU2ugvUw,6b5YOgXIliAozdo49vUCJQ
21mKp7DqtSNHhCAU2ugvUw,27ze6hCgfr3HcDZAHY60pg
21mKp7DqtSNHhCAU2ugvUw,5kO4scXJTa1QzbxqG55xFK
21mKp7DqtSNHhCAU2ugvUw,5zS8r5hRRk1jzD41yYS1NO
21mKp7DqtSNHhCAU2ugvUw,2pTCZ9C1fXdaVlv6d5EIXM
60yfafz0P3gqaUaOUIddae,21mKp7DqtSNHhCAU2ugvUw
60yfafz0P3gqaUaOUIddae,2SrWifjYv7b5tR8EzEmn1x
21mKp7DqtSNHhCAU2ugvUw,2SrWifjYv7b5tR8EzEmn1x
60yfafz0P3gqaUaOUIddae,21mKp7DqtSNHhCAU2ugvUw
60yfafz0P3gqaUaOUIddae,2SrWifjYv7b5tR8EzEmn1x
21mKp7DqtSNHhCAU2ugvUw,2SrWifjYv7b5tR8EzEmn1x
60yfafz0P3gqaUaOUIddae,21mKp7DqtSNHhCAU2ugvUw
60yfafz0P3gqaUaOUIddae,2SrWifjYv7b5tR8EzEmn1x
21mKp7DqtSNHhCAU2ugvUw,2SrWifjYv7b5tR8EzEmn1x
60yfafz0P3gqaUaOUIddae,21mKp7DqtSNHhCAU2ugvUw
60yfafz0P3gqaUaOUIddae,2SrWifjYv7b5tR8EzEmn1x
21mKp7DqtSNHhCAU2ugvUw,2SrWifjYv7b5tR8EzEmn1x
60yfafz0P3gqaUaOUIddae,21mKp7DqtSNHhCAU2ugvUw
60yfafz0P3gqaUaOUIddae,2SrWifjYv7b5tR8EzEmn1x
21mKp7DqtSNHhCAU2ugvUw,2SrWifjYv7b5tR8EzEmn1x
60yfafz0P3gqaUaOUIddae,21mKp7DqtSNHhCAU2ugvUw
60yfafz0P3gqaUaOUIddae,2SrWifjYv7b5tR8EzEmn1x
21mKp7DqtSNHhCAU2ugvUw,2SrWifjYv7b5tR8EzEmn1x
60yfafz0P3gqaUaOUIddae,21mKp7DqtSNHhCAU2ugvUw
60yfafz0P3gqaUaOUIddae,2SrWifjYv7b5tR8EzEmn1x
21mKp7DqtSNHhCAU2ugvUw,2SrWifjYv7b5tR8EzEmn1x
21mKp7DqtSNHhCAU2ugvUw,5EBlHXi71tDXnFtroEh7Rg
21mKp7DqtSNHhCAU2ugvUw,7MtZPIh0gpnInKFnXGcYDS
21mKp7DqtSNHhCAU2ugvUw,4qOzMSukiZoiSjPQw8Zs7s
7MtZPIh0gpnInKFnXGcYDS,4qOzMSukiZoiSjPQw8Zs7s
21mKp7DqtSNHhCAU2ugvUw,3qnGvpP8Yth1AqSBMqON5x
21mKp7DqtSNHhCAU2ugvUw,3z6Gk257P9jNcZbBXJNX5i
21mKp7DqtSNHhCAU2ugvUw,3vDjFm7GgG4ph7WR1KwNvp
21mKp7DqtSNHhCAU2ugvUw,4xnihxcoXWK3UqryOSnbw5
21mKp7DqtSNHhCAU2ugvUw,2KjAo6wVc9d2WcxdxSArpV
21mKp7DqtSNHhCAU2ugvUw,0ee7OJzj60zA1O50ysyZdQ
21mKp7DqtSNHhCAU2ugvUw,0DGAOR3KtqWwWSwDzhzqOa
21mKp7DqtSNHhCAU2ugvUw,4xnihxcoXWK3UqryOSnbw5
21mKp7DqtSNHhCAU2ugvUw,7MtZPIh0gpnInKFnXGcYDS
21mKp7DqtSNHhCAU2ugvUw,4qOzMSukiZoiSjPQw8Zs7s
7MtZPIh0gpnInKFnXGcYDS,4qOzMSukiZoiSjPQw8Zs7s
21mKp7DqtSNHhCAU2ugvUw,5EBlHXi71tDXnFtroEh7Rg
21mKp7DqtSNHhCAU2ugvUw,7MtZPIh0gpnInKFnXGcYDS
21mKp7DqtSNHhCAU2ugvUw,4qOzMSukiZoiSjPQw8Zs7s
7MtZPIh0gpnInKFnXGcYDS,4qOzMSukiZoiSjPQw8Zs7s
21mKp7DqtSNHhCAU2ugvUw,3qnGvpP8Yth1AqSBMqON5x
21mKp7DqtSNHhCAU2ugvUw,4QUnWR26plj0oHiQgRyhvk
21mKp7DqtSNHhCAU2ugvUw,3z6Gk257P9jNcZbBXJNX5i
21mKp7DqtSNHhCAU2ugvUw,3vDjFm7GgG4ph7WR1KwNvp
21mKp7DqtSNHhCAU2ugvUw,4xnihxcoXWK3UqryOSnbw5
21mKp7DqtSNHhCAU2ugvUw,2KjAo6wVc9d2WcxdxSArpV
21mKp7DqtSNHhCAU2ugvUw,0ee7OJzj60zA1O50ysyZdQ
21mKp7DqtSNHhCAU2ugvUw,2SrWifjYv7b5tR8EzEmn1x
0ee7OJzj60zA1O50ysyZdQ,2SrWifjYv7b5tR8EzEmn1x
21mKp7DqtSNHhCAU2ugvUw,0DGAOR3KtqWwWSwDzhzqOa
21mKp7DqtSNHhCAU2ugvUw,4xnihxcoXWK3UqryOSnbw5
21mKp7DqtSNHhCAU2ugvUw,7MtZPIh0gpnInKFnXGcYDS
21mKp7DqtSNHhCAU2ugvUw,4qOzMSukiZoiSjPQw8Zs7s
7MtZPIh0gpnInKFnXGcYDS,4qOzMSukiZoiSjPQw8Zs7s
21mKp7DqtSNHhCAU2ugvUw,5EBlHXi71tDXnFtroEh7Rg
21mKp7DqtSNHhCAU2ugvUw,5EBlHXi71tDXnFtroEh7Rg
21mKp7DqtSNHhCAU2ugvUw,4QUnWR26plj0oHiQgRyhvk
21mKp7DqtSNHhCAU2ugvUw,0DGAOR3KtqWwWSwDzhzqOa
21mKp7DqtSNHhCAU2ugvUw,4oFdxup3UmMDNoLLITyDrs
21mKp7DqtSNHhCAU2ugvUw,3CqIBKbIRHObYuudV8Yfwt
21mKp7DqtSNHhCAU2ugvUw,7l2TbOpPHzfF5rlzILQvIp
21mKp7DqtSNHhCAU2ugvUw,0DGAOR3KtqWwWSwDzhzqOa
21mKp7DqtSNHhCAU2ugvUw,0ee7OJzj60zA1O50ysyZdQ
21mKp7DqtSNHhCAU2ugvUw,7kdIgG6b9e3DZVmroWzu9w
21mKp7DqtSNHhCAU2ugvUw,35iTyTjBjpcGsXWRui2ZvX
21mKp7DqtSNHhCAU2ugvUw,6Tyzp9KzpiZ04DABQoedps
21mKp7DqtSNHhCAU2ugvUw,0DGAOR3KtqWwWSwDzhzqOa
21mKp7DqtSNHhCAU2ugvUw,0DGAOR3KtqWwWSwDzhzqOa
21mKp7DqtSNHhCAU2ugvUw,4eFImh8D3F15dtZk0JQlpT
0DGAOR3KtqWwWSwDzhzqOa,4eFImh8D3F15dtZk0JQlpT
21mKp7DqtSNHhCAU2ugvUw,0DGAOR3KtqWwWSwDzhzqOa
21mKp7DqtSNHhCAU2ugvUw,4JhjlqgMbd4RlrT81VoTIF
0DGAOR3KtqWwWSwDzhzqOa,4JhjlqgMbd4RlrT81VoTIF
21mKp7DqtSNHhCAU2ugvUw,0DGAOR3KtqWwWSwDzhzqOa
21mKp7DqtSNHhCAU2ugvUw,0DGAOR3KtqWwWSwDzhzqOa
21mKp7DqtSNHhCAU2ugvUw,0DGAOR3KtqWwWSwDzhzqOa
21mKp7DqtSNHhCAU2ugvUw,0DGAOR3KtqWwWSwDzhzqOa
21mKp7DqtSNHhCAU2ugvUw,0DGAOR3KtqWwWSwDzhzqOa
21mKp7DqtSNHhCAU2ugvUw,0DGAOR3KtqWwWSwDzhzqOa
21mKp7DqtSNHhCAU2ugvUw,0DGAOR3KtqWwWSwDzhzqOa
21mKp7DqtSNHhCAU2ugvUw,0DGAOR3KtqWwWSwDzhzqOa
21mKp7DqtSNHhCAU2ugvUw,0DGAOR3KtqWwWSwDzhzqOa
21mKp7DqtSNHhCAU2ugvUw,0DGAOR3KtqWwWSwDzhzqOa
21mKp7DqtSNHhCAU2ugvUw,0DGAOR3KtqWwWSwDzhzqOa
21mKp7DqtSNHhCAU2ugvUw,0DGAOR3KtqWwWSwDzhzqOa
21mKp7DqtSNHhCAU2ugvUw,0DGAOR3KtqWwWSwDzhzqOa
21mKp7DqtSNHhCAU2ugvUw,4oFdxup3UmMDNoLLITyDrs
21mKp7DqtSNHhCAU2ugvUw,3CqIBKbIRHObYuudV8Yfwt
21mKp7DqtSNHhCAU2ugvUw,7l2TbOpPHzfF5rlzILQvIp
21mKp7DqtSNHhCAU2ugvUw,0DGAOR3KtqWwWSwDzhzqOa
21mKp7DqtSNHhCAU2ugvUw,0ee7OJzj60zA1O50ysyZdQ
21mKp7DqtSNHhCAU2ugvUw,7kdIgG6b9e3DZVmroWzu9w
21mKp7DqtSNHhCAU2ugvUw,35iTyTjBjpcGsXWRui2ZvX
6IdtcAwaNVAggwd6sCKgTI,5szdY7KaSi7epwyffrbV8c
6IdtcAwaNVAggwd6sCKgTI,6rUsAEYBTCzHDa98JsBwtW
4xFUf1FHVy696Q1JQZMTRj,70keqETgUbAWzsr3cfjsq3
4xFUf1FHVy696Q1JQZMTRj,5y2Xq6xcjJb2jVM54GHK3t
4xFUf1FHVy696Q1JQZMTRj,3qfrrrSO7utFdJkM2tvMRb
4xFUf1FHVy696Q1JQZMTRj,3ipn9JLAPI5GUEo4y4jcoi
0u2FHSq3ln94y5Q57xazwf,4xFUf1FHVy696Q1JQZMTRj
4xFUf1FHVy696Q1JQZMTRj,1pTuR132U5b4Rizal2Pr7m
4xFUf1FHVy696Q1JQZMTRj,13YmWQJFwgZrd4bf5IjMY4
4xFUf1FHVy696Q1JQZMTRj,3IhWQSrLj8EJjdvjFTpCyo
4xFUf1FHVy696Q1JQZMTRj,3fNfzmI5XfHHVHtS76dvMj
07XSN3sPlIlB2L2XNcTwJw,7heI8mAanEFxzKBOCNWxJB
07XSN3sPlIlB2L2XNcTwJw,7heI8mAanEFxzKBOCNWxJB
07XSN3sPlIlB2L2XNcTwJw,7heI8mAanEFxzKBOCNWxJB
07XSN3sPlIlB2L2XNcTwJw,7heI8mAanEFxzKBOCNWxJB
07XSN3sPlIlB2L2XNcTwJw,7heI8mAanEFxzKBOCNWxJB
07XSN3sPlIlB2L2XNcTwJw,5CHXXNuReinAFGk3pjWgOH
07XSN3sPlIlB2L2XNcTwJw,5CHXXNuReinAFGk3pjWgOH
07XSN3sPlIlB2L2XNcTwJw,5CHXXNuReinAFGk3pjWgOH
07XSN3sPlIlB2L2XNcTwJw,5CHXXNuReinAFGk3pjWgOH
07XSN3sPlIlB2L2XNcTwJw,5CHXXNuReinAFGk3pjWgOH
07XSN3sPlIlB2L2XNcTwJw,5CHXXNuReinAFGk3pjWgOH
07XSN3sPlIlB2L2XNcTwJw,5CHXXNuReinAFGk3pjWgOH
07XSN3sPlIlB2L2XNcTwJw,5CHXXNuReinAFGk3pjWgOH
07XSN3sPlIlB2L2XNcTwJw,5CHXXNuReinAFGk3pjWgOH
07XSN3sPlIlB2L2XNcTwJw,5CHXXNuReinAFGk3pjWgOH
07XSN3sPlIlB2L2XNcTwJw,7heI8mAanEFxzKBOCNWxJB
07XSN3sPlIlB2L2XNcTwJw,7heI8mAanEFxzKBOCNWxJB
07XSN3sPlIlB2L2XNcTwJw,7heI8mAanEFxzKBOCNWxJB
07XSN3sPlIlB2L2XNcTwJw,7heI8mAanEFxzKBOCNWxJB
07XSN3sPlIlB2L2XNcTwJw,7heI8mAanEFxzKBOCNWxJB
07XSN3sPlIlB2L2XNcTwJw,5CHXXNuReinAFGk3pjWgOH
07XSN3sPlIlB2L2XNcTwJw,5CHXXNuReinAFGk3pjWgOH
07XSN3sPlIlB2L2XNcTwJw,5CHXXNuReinAFGk3pjWgOH
07XSN3sPlIlB2L2XNcTwJw,5CHXXNuReinAFGk3pjWgOH
07XSN3sPlIlB2L2XNcTwJw,5CHXXNuReinAFGk3pjWgOH
07XSN3sPlIlB2L2XNcTwJw,5CHXXNuReinAFGk3pjWgOH
07XSN3sPlIlB2L2XNcTwJw,5CHXXNuReinAFGk3pjWgOH
07XSN3sPlIlB2L2XNcTwJw,5CHXXNuReinAFGk3pjWgOH
07XSN3sPlIlB2L2XNcTwJw,5CHXXNuReinAFGk3pjWgOH
07XSN3sPlIlB2L2XNcTwJw,5CHXXNuReinAFGk3pjWgOH
0dzK2Z94FW2z4ylTW0ibbY,3hYtANQYrE6pd2PbtEyTIy
0dzK2Z94FW2z4ylTW0ibbY,3hYtANQYrE6pd2PbtEyTIy
0dzK2Z94FW2z4ylTW0ibbY,3hYtANQYrE6pd2PbtEyTIy
3hYtANQYrE6pd2PbtEyTIy,3tJnB0s6c3oXPq1SCCavnd
3hYtANQYrE6pd2PbtEyTIy,3tJnB0s6c3oXPq1SCCavnd
3hYtANQYrE6pd2PbtEyTIy,1d6dwipPrsFSJVmFTTdFSS
3hYtANQYrE6pd2PbtEyTIy,0LALueHEQunQ2d61fXGeZh
3hYtANQYrE6pd2PbtEyTIy,3tAICgiSR5PfYY4B8qsoAU
3hYtANQYrE6pd2PbtEyTIy,3tAICgiSR5PfYY4B8qsoAU
3hYtANQYrE6pd2PbtEyTIy,1jKpNUjiz4KXgaAZD5FI9S
3hYtANQYrE6pd2PbtEyTIy,0UWZUmn7sybxMCqrw9tGa7
3hYtANQYrE6pd2PbtEyTIy,0yNSzH5nZmHzeE2xn6Xshb
4QVBYiagIaa6ZGSPMbybpy,329e4yvIujISKGKz1BZZbO
4QVBYiagIaa6ZGSPMbybpy,2SvbyJMDoNgCJIYpQiFx5v
4QVBYiagIaa6ZGSPMbybpy,77aLk6J8ofnVxa1eXK9jiU
4QVBYiagIaa6ZGSPMbybpy,0J9JLJmiTXJFvvyHS3Qzn4
4QVBYiagIaa6ZGSPMbybpy,69UypehHabb68utzfjAVlV
27T030eWyCQRmDyuvr1kxY,4G5XZKnrbIYhCE5bRAMu4w
27T030eWyCQRmDyuvr1kxY,4sX5aHE7Jnbl4bTrah2aDu
27T030eWyCQRmDyuvr1kxY,5sYAD1eimqznzNEh1mYoD1
27T030eWyCQRmDyuvr1kxY,5sYAD1eimqznzNEh1mYoD1
27T030eWyCQRmDyuvr1kxY,4G5XZKnrbIYhCE5bRAMu4w
27T030eWyCQRmDyuvr1kxY,08t5VdmH6cpxHXUmb9bFeP
27T030eWyCQRmDyuvr1kxY,4sX5aHE7Jnbl4bTrah2aDu
27T030eWyCQRmDyuvr1kxY,5f2vuPQdfpjzhuIA0W9bNm
6C1ohJrd5VydigQtaGy5Wa,0NbfKEOTQCcwd6o7wSDOHI
6C1ohJrd5VydigQtaGy5Wa,4LXBFNxqvOcdBVpbgKn6op
0NbfKEOTQCcwd6o7wSDOHI,4LXBFNxqvOcdBVpbgKn6op
6C1ohJrd5VydigQtaGy5Wa,5rkVyNGXEgeUqKkB5ccK83
6C1ohJrd5VydigQtaGy5Wa,1sBkRIssrMs1AbVkOJbc7a
6C1ohJrd5VydigQtaGy5Wa,4gfGNNGyZ5CssoNIXnIOIc
6C1ohJrd5VydigQtaGy5Wa,4xRYI6VqpkE3UwrDrAZL8L
6C1ohJrd5VydigQtaGy5Wa,50co4Is1HCEo8bhOyUWKpn
6C1ohJrd5VydigQtaGy5Wa,7bXgB6jMjp9ATFy66eO08Z
6C1ohJrd5VydigQtaGy5Wa,5Y5TRrQiqgUO4S36tzjIRZ
6C1ohJrd5VydigQtaGy5Wa,5VYWaw1z5luk9NZqMIX2fh
6C1ohJrd5VydigQtaGy5Wa,0YWxKQj2Go9CGHCp77UOyy
5VYWaw1z5luk9NZqMIX2fh,0YWxKQj2Go9CGHCp77UOyy
6C1ohJrd5VydigQtaGy5Wa,5VYWaw1z5luk9NZqMIX2fh
6C1ohJrd5VydigQtaGy5Wa,0YWxKQj2Go9CGHCp77UOyy
5VYWaw1z5luk9NZqMIX2fh,0YWxKQj2Go9CGHCp77UOyy
6C1ohJrd5VydigQtaGy5Wa,3LIJJJkO7R5RasRwt7xIn5
6C1ohJrd5VydigQtaGy5Wa,1A9o3Ljt67pFZ89YtPPL5X
6C1ohJrd5VydigQtaGy5Wa,2ExGrw6XpbtUAJHTLtUXUD
6C1ohJrd5VydigQtaGy5Wa,4RfTXjK9aiiIKDaKUHpL57
2SrSdSvpminqmStGELCSNd,6UCQYrcJ6wab6gnQ89OJFh
2SrSdSvpminqmStGELCSNd,1Naqgo0HMRoumRP0e2MXD9
2SrSdSvpminqmStGELCSNd,1ooV8YZC1KbpEcrmI8WH0F
2SrSdSvpminqmStGELCSNd,3Y7RZ31TRPVadSFVy1o8os
2SrSdSvpminqmStGELCSNd,2PJEagPIxaBugeMjIyKVXF
2SrSdSvpminqmStGELCSNd,3wcj11K77LjEY1PkEazffa
2SrSdSvpminqmStGELCSNd,6eUKZXaKkcviH0Ku9w2n3V
3wcj11K77LjEY1PkEazffa,6eUKZXaKkcviH0Ku9w2n3V
2SrSdSvpminqmStGELCSNd,7zJL978NtANOysfGY21ty6
2SrSdSvpminqmStGELCSNd,2a0uxJgbvvIRI4GX8pYfcr
7zJL978NtANOysfGY21ty6,2a0uxJgbvvIRI4GX8pYfcr
2SrSdSvpminqmStGELCSNd,0cGUm45nv7Z6M6qdXYQGTX
2SrSdSvpminqmStGELCSNd,0T2sGLJKge2eaFmZJxX7sq
2SrSdSvpminqmStGELCSNd,7uMh23xWiuR7zsNkuNcm2G
2SrSdSvpminqmStGELCSNd,0IB0VjX9NSrGX6PjCXGVcq
2SrSdSvpminqmStGELCSNd,0cGUm45nv7Z6M6qdXYQGTX
2SrSdSvpminqmStGELCSNd,13saZpZnCDWOI9D4IJhp1f
0cGUm45nv7Z6M6qdXYQGTX,13saZpZnCDWOI9D4IJhp1f
2SrSdSvpminqmStGELCSNd,1h5mZb0u9bcFGeViohj87o
2SrSdSvpminqmStGELCSNd,5xQAPQS0cJoiGR2lGDdth9
2SrSdSvpminqmStGELCSNd,32giBornl4DzRXlyCH9CVZ
2SrSdSvpminqmStGELCSNd,3NWY76dZfMEGW9vTVUfcJR
32giBornl4DzRXlyCH9CVZ,3NWY76dZfMEGW9vTVUfcJR
20qISvAhX20dpIbOOzGK3q,13ubrt8QOOCPljQ2FL1Kca
20qISvAhX20dpIbOOzGK3q,6GEykX11lQqp92UVOQQCC7
13ubrt8QOOCPljQ2FL1Kca,6GEykX11lQqp92UVOQQCC7
20qISvAhX20dpIbOOzGK3q,7dGJo4pcD2V6oG8kP0tJRR
20qISvAhX20dpIbOOzGK3q,3zpKjsMg2gw1St5WcWoUJN
7dGJo4pcD2V6oG8kP0tJRR,3zpKjsMg2gw1St5WcWoUJN
20qISvAhX20dpIbOOzGK3q,31W5EY0aAly4Qieq6OFu6I
20qISvAhX20dpIbOOzGK3q,0A0FS04o6zMoto8OKPsDwY
31W5EY0aAly4Qieq6OFu6I,0A0FS04o6zMoto8OKPsDwY
20qISvAhX20dpIbOOzGK3q,2Mu5NfyYm8n5iTomuKAEHl
20qISvAhX20dpIbOOzGK3q,6CxZzQFUTM6AzgluGwtq5w
20qISvAhX20dpIbOOzGK3q,4qXC0i02bSFstECuXP2ZpL
20qISvAhX20dpIbOOzGK3q,6q3p11nP1p80Ey6LrOOSed
20qISvAhX20dpIbOOzGK3q,1wvlC6NwleHt1iRD6d5X2C
20qISvAhX20dpIbOOzGK3q,6DPYiyq5kWVQS4RGwxzPC7
20qISvAhX20dpIbOOzGK3q,6UnvX7Zx85VNjOpLdaq49W
20qISvAhX20dpIbOOzGK3q,1w6LD3xNFntDS6kUP47DqU
20qISvAhX20dpIbOOzGK3q,6O2zJ0tId7g07yzHtX0yap
20qISvAhX20dpIbOOzGK3q,2Mu5NfyYm8n5iTomuKAEHl
20qISvAhX20dpIbOOzGK3q,6CxZzQFUTM6AzgluGwtq5w
20qISvAhX20dpIbOOzGK3q,0c173mlxpT3dSFRgMO8XPh
20qISvAhX20dpIbOOzGK3q,4Gso3d4CscCijv0lmajZWs
0c173mlxpT3dSFRgMO8XPh,4Gso3d4CscCijv0lmajZWs
20qISvAhX20dpIbOOzGK3q,3hcs9uc56yIGFCSy9leWe7
20qISvAhX20dpIbOOzGK3q,3jK9MiCrA42lLAdMGUZpwa
20qISvAhX20dpIbOOzGK3q,2b8rTcytSdlhGSUwpWAk2P
20qISvAhX20dpIbOOzGK3q,14CHVeJGrR5xgUGQFV5BVM
20qISvAhX20dpIbOOzGK3q,5dHt1vcEm9qb8fCyLcB3HL
14CHVeJGrR5xgUGQFV5BVM,5dHt1vcEm9qb8fCyLcB3HL
20qISvAhX20dpIbOOzGK3q,3YR92OLKlvkK5oKNekSqXe
20qISvAhX20dpIbOOzGK3q,4JG781pl96pL2h0AoERgOA
3YR92OLKlvkK5oKNekSqXe,4JG781pl96pL2h0AoERgOA
20qISvAhX20dpIbOOzGK3q,3JdYPiv1crdgsbgsryxQu6
20qISvAhX20dpIbOOzGK3q,51Gb9SXJy31aE0jV2ThE3m
20qISvAhX20dpIbOOzGK3q,2cADQgiLMjNhbsfeN52Bf3
20qISvAhX20dpIbOOzGK3q,0wCh15C0ujtuQKTWqhw9ps
20qISvAhX20dpIbOOzGK3q,3JdYPiv1crdgsbgsryxQu6
20qISvAhX20dpIbOOzGK3q,59wfkuBoNyhDMQGCljbUbA
20qISvAhX20dpIbOOzGK3q,12Zk1DFhCbHY6v3xep2ZjI
59wfkuBoNyhDMQGCljbUbA,12Zk1DFhCbHY6v3xep2ZjI
20qISvAhX20dpIbOOzGK3q,5K4W6rqBFWDnAN6FQUkS6x
20qISvAhX20dpIbOOzGK3q,6TTVdg5UOUHsyiYPHgxLaq
20qISvAhX20dpIbOOzGK3q,1W3FSF1BLpY3hlVIgvenLz
20qISvAhX20dpIbOOzGK3q,5K4W6rqBFWDnAN6FQUkS6x
1W3FSF1BLpY3hlVIgvenLz,5K4W6rqBFWDnAN6FQUkS6x
20qISvAhX20dpIbOOzGK3q,1W3FSF1BLpY3hlVIgvenLz
20qISvAhX20dpIbOOzGK3q,58n1bNWH1HPQmx5R9uJ7Gi
20qISvAhX20dpIbOOzGK3q,58n1bNWH1HPQmx5R9uJ7Gi
20qISvAhX20dpIbOOzGK3q,58n1bNWH1HPQmx5R9uJ7Gi
20qISvAhX20dpIbOOzGK3q,58n1bNWH1HPQmx5R9uJ7Gi
20qISvAhX20dpIbOOzGK3q,58n1bNWH1HPQmx5R9uJ7Gi
20qISvAhX20dpIbOOzGK3q,58n1bNWH1HPQmx5R9uJ7Gi
20qISvAhX20dpIbOOzGK3q,58n1bNWH1HPQmx5R9uJ7Gi
20qISvAhX20dpIbOOzGK3q,58n1bNWH1HPQmx5R9uJ7Gi
20qISvAhX20dpIbOOzGK3q,58n1bNWH1HPQmx5R9uJ7Gi
20qISvAhX20dpIbOOzGK3q,58n1bNWH1HPQmx5R9uJ7Gi
20qISvAhX20dpIbOOzGK3q,7HqrSDuI9lHuH1CDismTFg
20qISvAhX20dpIbOOzGK3q,3DQiuEWQzCUET866iZJmQ9
7HqrSDuI9lHuH1CDismTFg,3DQiuEWQzCUET866iZJmQ9
20qISvAhX20dpIbOOzGK3q,3ZotbHeyVQKxQCPDJuQ4SU
20qISvAhX20dpIbOOzGK3q,4kRPYKH8ERfnLVp4zcrx2i
20qISvAhX20dpIbOOzGK3q,12auY6BRb0AL9wH2Z1Q56Q
20qISvAhX20dpIbOOzGK3q,5cwWpqE6yEKVby6AAK5uiP
20qISvAhX20dpIbOOzGK3q,7HqrSDuI9lHuH1CDismTFg
20qISvAhX20dpIbOOzGK3q,0AuNSry10gekIJsscgr9ly
7HqrSDuI9lHuH1CDismTFg,0AuNSry10gekIJsscgr9ly
20qISvAhX20dpIbOOzGK3q,3ZotbHeyVQKxQCPDJuQ4SU
20qISvAhX20dpIbOOzGK3q,2EbNaEAsmvzPIWaEdzMbVY
20qISvAhX20dpIbOOzGK3q,3X0gDmx2ZgbRMSVhpvrkwG
20qISvAhX20dpIbOOzGK3q,01nVIuD8YZsnFH6x6Cc9rX
20qISvAhX20dpIbOOzGK3q,1sBkRIssrMs1AbVkOJbc7a
20qISvAhX20dpIbOOzGK3q,1XkoF8ryArs86LZvFOkbyr
20qISvAhX20dpIbOOzGK3q,2DzRMyWgjuMbYvt5BLbpCo
20qISvAhX20dpIbOOzGK3q,360IAlyVv4PCEVjgyMZrxK
20qISvAhX20dpIbOOzGK3q,2cADQgiLMjNhbsfeN52Bf3
360IAlyVv4PCEVjgyMZrxK,2cADQgiLMjNhbsfeN52Bf3
20qISvAhX20dpIbOOzGK3q,63XBtGSEZINSyXylZxEUbv
20qISvAhX20dpIbOOzGK3q,01nVIuD8YZsnFH6x6Cc9rX
20qISvAhX20dpIbOOzGK3q,6Q192DXotxtaysaqNPy5yR
20qISvAhX20dpIbOOzGK3q,2p4NADimVKvKnagDt4tcRQ
20qISvAhX20dpIbOOzGK3q,01nVIuD8YZsnFH6x6Cc9rX
20qISvAhX20dpIbOOzGK3q,1sBkRIssrMs1AbVkOJbc7a
20qISvAhX20dpIbOOzGK3q,1XkoF8ryArs86LZvFOkbyr
20qISvAhX20dpIbOOzGK3q,2DzRMyWgjuMbYvt5BLbpCo
20qISvAhX20dpIbOOzGK3q,360IAlyVv4PCEVjgyMZrxK
20qISvAhX20dpIbOOzGK3q,2cADQgiLMjNhbsfeN52Bf3
360IAlyVv4PCEVjgyMZrxK,2cADQgiLMjNhbsfeN52Bf3
20qISvAhX20dpIbOOzGK3q,63XBtGSEZINSyXylZxEUbv
20qISvAhX20dpIbOOzGK3q,01nVIuD8YZsnFH6x6Cc9rX
20qISvAhX20dpIbOOzGK3q,6Q192DXotxtaysaqNPy5yR
20qISvAhX20dpIbOOzGK3q,2p4NADimVKvKnagDt4tcRQ
3w2WYNyPCPkZFoC1EqfCMe,7pGyQZx9thVa8GxMBeXscB
3w2WYNyPCPkZFoC1EqfCMe,0CIwCGmQMqHqiblnZlFia1
3w2WYNyPCPkZFoC1EqfCMe,0UmBaQJflaHddKtf1lrA6F
3w2WYNyPCPkZFoC1EqfCMe,0CIwCGmQMqHqiblnZlFia1
3w2WYNyPCPkZFoC1EqfCMe,55Aa2cqylxrFIXC767Z865
3w2WYNyPCPkZFoC1EqfCMe,7bvcQXJHkFiN1ppIN3q4fi
55Aa2cqylxrFIXC767Z865,7bvcQXJHkFiN1ppIN3q4fi
3w2WYNyPCPkZFoC1EqfCMe,7pGyQZx9thVa8GxMBeXscB
20qISvAhX20dpIbOOzGK3q,6P4TIose5IBqlEvVjLAPdW
20qISvAhX20dpIbOOzGK3q,58Wl2AJZWwfvEn2eAWJbIG
6P4TIose5IBqlEvVjLAPdW,58Wl2AJZWwfvEn2eAWJbIG
20qISvAhX20dpIbOOzGK3q,7bXgB6jMjp9ATFy66eO08Z
20qISvAhX20dpIbOOzGK3q,0NbfKEOTQCcwd6o7wSDOHI
7bXgB6jMjp9ATFy66eO08Z,0NbfKEOTQCcwd6o7wSDOHI
20qISvAhX20dpIbOOzGK3q,63wjoROpeh5f11Qm93UiJ1
20qISvAhX20dpIbOOzGK3q,1YfEcTuGvBQ8xSD1f53UnK
20qISvAhX20dpIbOOzGK3q,58Wl2AJZWwfvEn2eAWJbIG
20qISvAhX20dpIbOOzGK3q,4lV6TPsigA3lSrakdRdtan
20qISvAhX20dpIbOOzGK3q,6P4TIose5IBqlEvVjLAPdW
20qISvAhX20dpIbOOzGK3q,58Wl2AJZWwfvEn2eAWJbIG
6P4TIose5IBqlEvVjLAPdW,58Wl2AJZWwfvEn2eAWJbIG
20qISvAhX20dpIbOOzGK3q,7bXgB6jMjp9ATFy66eO08Z
20qISvAhX20dpIbOOzGK3q,0NbfKEOTQCcwd6o7wSDOHI
7bXgB6jMjp9ATFy66eO08Z,0NbfKEOTQCcwd6o7wSDOHI
20qISvAhX20dpIbOOzGK3q,63wjoROpeh5f11Qm93UiJ1
20qISvAhX20dpIbOOzGK3q,1YfEcTuGvBQ8xSD1f53UnK
20qISvAhX20dpIbOOzGK3q,58Wl2AJZWwfvEn2eAWJbIG
20qISvAhX20dpIbOOzGK3q,4lV6TPsigA3lSrakdRdtan
20qISvAhX20dpIbOOzGK3q,085pc2PYOi8bGKj0PNjekA
20qISvAhX20dpIbOOzGK3q,3nFkdlSjzX9mRTtwJOzDYB
20qISvAhX20dpIbOOzGK3q,0IF46mUS8NXjgHabxk2MCM
20qISvAhX20dpIbOOzGK3q,5K4W6rqBFWDnAN6FQUkS6x
20qISvAhX20dpIbOOzGK3q,3YJMzGjAm245zwJooY7PEj
5K4W6rqBFWDnAN6FQUkS6x,3YJMzGjAm245zwJooY7PEj
20qISvAhX20dpIbOOzGK3q,1ZMg5b2OdY6gOkCwPwcKki
20qISvAhX20dpIbOOzGK3q,7hJcb9fa4alzcOq3EaNPoG
20qISvAhX20dpIbOOzGK3q,3YJMzGjAm245zwJooY7PEj
20qISvAhX20dpIbOOzGK3q,0NbfKEOTQCcwd6o7wSDOHI
20qISvAhX20dpIbOOzGK3q,46VWDbmWmzvPBTmkSr25gM
0NbfKEOTQCcwd6o7wSDOHI,46VWDbmWmzvPBTmkSr25gM
20qISvAhX20dpIbOOzGK3q,0IF46mUS8NXjgHabxk2MCM
20qISvAhX20dpIbOOzGK3q,23g4EfG9KCd0ANjpoxzSFU
20qISvAhX20dpIbOOzGK3q,23g4EfG9KCd0ANjpoxzSFU
20qISvAhX20dpIbOOzGK3q,0Zx7CLL9EAiibehVEZGwU1
20qISvAhX20dpIbOOzGK3q,6jlWj6y00bMQt8XoKuCjyZ
20qISvAhX20dpIbOOzGK3q,1YfEcTuGvBQ8xSD1f53UnK
20qISvAhX20dpIbOOzGK3q,3DQiuEWQzCUET866iZJmQ9
20qISvAhX20dpIbOOzGK3q,3ipn9JLAPI5GUEo4y4jcoi
20qISvAhX20dpIbOOzGK3q,7xN8vFwslE67EC3DhgB9Ip
3ipn9JLAPI5GUEo4y4jcoi,7xN8vFwslE67EC3DhgB9Ip
20qISvAhX20dpIbOOzGK3q,2AOt5htsbtyaHd5Eq3kl3j
20qISvAhX20dpIbOOzGK3q,3DQiuEWQzCUET866iZJmQ9
20qISvAhX20dpIbOOzGK3q,7aoCuY6OJl2puP2hX6Fal0
20qISvAhX20dpIbOOzGK3q,23g4EfG9KCd0ANjpoxzSFU
20qISvAhX20dpIbOOzGK3q,23g4EfG9KCd0ANjpoxzSFU
20qISvAhX20dpIbOOzGK3q,3r2CJUss2rSwZckDyuDWRn
20qISvAhX20dpIbOOzGK3q,1YfEcTuGvBQ8xSD1f53UnK
20qISvAhX20dpIbOOzGK3q,3DQiuEWQzCUET866iZJmQ9
20qISvAhX20dpIbOOzGK3q,3ipn9JLAPI5GUEo4y4jcoi
20qISvAhX20dpIbOOzGK3q,7xN8vFwslE67EC3DhgB9Ip
3ipn9JLAPI5GUEo4y4jcoi,7xN8vFwslE67EC3DhgB9Ip
20qISvAhX20dpIbOOzGK3q,2AOt5htsbtyaHd5Eq3kl3j
20qISvAhX20dpIbOOzGK3q,7aoCuY6OJl2puP2hX6Fal0
20qISvAhX20dpIbOOzGK3q,16HCiYXoNdjZDdKPaH03b8
20qISvAhX20dpIbOOzGK3q,0IF46mUS8NXjgHabxk2MCM
20qISvAhX20dpIbOOzGK3q,2PWQEBHw18rURT93AbGXQm
0IF46mUS8NXjgHabxk2MCM,2PWQEBHw18rURT93AbGXQm
20qISvAhX20dpIbOOzGK3q,1ZwdS5xdxEREPySFridCfh
20qISvAhX20dpIbOOzGK3q,2yhOwlNZ2v49Vwq5Vco0mn
1ZwdS5xdxEREPySFridCfh,2yhOwlNZ2v49Vwq5Vco0mn
20qISvAhX20dpIbOOzGK3q,3DiDSECUqqY1AuBP8qtaIa
20qISvAhX20dpIbOOzGK3q,4z4b1owCRJybnni1lzX5EZ
20qISvAhX20dpIbOOzGK3q,781516XewTgtGAnpg6dlmd
20qISvAhX20dpIbOOzGK3q,7HqrSDuI9lHuH1CDismTFg
20qISvAhX20dpIbOOzGK3q,08rMCq2ek1YjdDBsCPVH2s
20qISvAhX20dpIbOOzGK3q,6wEi0PpaHeQUE0jYN20Yuw
20qISvAhX20dpIbOOzGK3q,7aoCuY6OJl2puP2hX6Fal0
20qISvAhX20dpIbOOzGK3q,2p9wWqkfVZpvEEaLWxhDRq
20qISvAhX20dpIbOOzGK3q,6W9RUw7xnNRYtgh8dimg7L
20qISvAhX20dpIbOOzGK3q,7rsdftmJTmBuBknenoDS9b
20qISvAhX20dpIbOOzGK3q,6wEi0PpaHeQUE0jYN20Yuw
7rsdftmJTmBuBknenoDS9b,6wEi0PpaHeQUE0jYN20Yuw
20qISvAhX20dpIbOOzGK3q,6O2zJ0tId7g07yzHtX0yap
20qISvAhX20dpIbOOzGK3q,16HCiYXoNdjZDdKPaH03b8
20qISvAhX20dpIbOOzGK3q,7r8RF1tN2A4CiGEplkp1oP
20qISvAhX20dpIbOOzGK3q,3x5793xivRq6Bw9CkjdtWs
20qISvAhX20dpIbOOzGK3q,59wfkuBoNyhDMQGCljbUbA
20qISvAhX20dpIbOOzGK3q,19KwjzvIL92r29IINtlPNP
20qISvAhX20dpIbOOzGK3q,0urTpYCsixqZwgNTkPJOJ4
20qISvAhX20dpIbOOzGK3q,1HwM5zlC5qNWhJtM00yXzG
20qISvAhX20dpIbOOzGK3q,59wfkuBoNyhDMQGCljbUbA
6ZLTlhejhndI4Rh53vYhrY,7njqqUBXHc5fpyXmUlfOUL
6ZLTlhejhndI4Rh53vYhrY,1AeC9AuzqGc3IXMC2T5xny
6ZLTlhejhndI4Rh53vYhrY,7iA7uWUkWLpapsaaqmzRQV
6ZLTlhejhndI4Rh53vYhrY,6PAt558ZEZl0DmdXlnjMgD
6ZLTlhejhndI4Rh53vYhrY,0AD4odMWVQ2wUSlgxOB5Rl
6ZLTlhejhndI4Rh53vYhrY,1AeC9AuzqGc3IXMC2T5xny
6ZLTlhejhndI4Rh53vYhrY,1AeC9AuzqGc3IXMC2T5xny
6ZLTlhejhndI4Rh53vYhrY,0bmuibaBeiMxAqN2HwUqhd
6ZLTlhejhndI4Rh53vYhrY,1DFr97A9HnbV3SKTJFu62M
0bmuibaBeiMxAqN2HwUqhd,1DFr97A9HnbV3SKTJFu62M
6ZLTlhejhndI4Rh53vYhrY,3PhoLpVuITZKcymswpck5b
6ZLTlhejhndI4Rh53vYhrY,246dkjvS1zLTtiykXe5h60
246dkjvS1zLTtiykXe5h60,6ZLTlhejhndI4Rh53vYhrY
246dkjvS1zLTtiykXe5h60,0Y5tJX1MQlPlqiwlOH1tJY
6ZLTlhejhndI4Rh53vYhrY,0Y5tJX1MQlPlqiwlOH1tJY
7nwUJBm0HE4ZxD3f5cy5ok,7dv6WnCIPKA7Xuu1EwINSc
7nwUJBm0HE4ZxD3f5cy5ok,1T0wRBO0CK0vK8ouUMqEl5
7nwUJBm0HE4ZxD3f5cy5ok,0h9smro0z3HqUbD94jotU8
1cHFz6lrt7KAsBV8j2Ny1g,7nwUJBm0HE4ZxD3f5cy5ok
7nwUJBm0HE4ZxD3f5cy5ok,2JSjCHK79gdaiPWdKiNUNp
7nwUJBm0HE4ZxD3f5cy5ok,0NKDgy9j66h3DLnN8qu1bB
7nwUJBm0HE4ZxD3f5cy5ok,19ra5tSw0tWufvUp8GotLo
7nwUJBm0HE4ZxD3f5cy5ok,1zJBFCev9UwOMcrZsLi2od
6W9RUw7xnNRYtgh8dimg7L,7nwUJBm0HE4ZxD3f5cy5ok
7nwUJBm0HE4ZxD3f5cy5ok,4N8BwYTEC6XqykGvXXlmfv
7nwUJBm0HE4ZxD3f5cy5ok,3PhoLpVuITZKcymswpck5b
7nwUJBm0HE4ZxD3f5cy5ok,6XpaIBNiVzIetEPCWDvAFP
7nwUJBm0HE4ZxD3f5cy5ok,24hJWbo98sH84tb0nkeaqy
7nwUJBm0HE4ZxD3f5cy5ok,4YRmlGRIdL7pS3Xqr69HcQ
7nwUJBm0HE4ZxD3f5cy5ok,4YRmlGRIdL7pS3Xqr69HcQ
7nwUJBm0HE4ZxD3f5cy5ok,4YRmlGRIdL7pS3Xqr69HcQ
7nwUJBm0HE4ZxD3f5cy5ok,4YRmlGRIdL7pS3Xqr69HcQ
7nwUJBm0HE4ZxD3f5cy5ok,4YRmlGRIdL7pS3Xqr69HcQ
7nwUJBm0HE4ZxD3f5cy5ok,4YRmlGRIdL7pS3Xqr69HcQ
7nwUJBm0HE4ZxD3f5cy5ok,4YRmlGRIdL7pS3Xqr69HcQ
7nwUJBm0HE4ZxD3f5cy5ok,4YRmlGRIdL7pS3Xqr69HcQ
7nwUJBm0HE4ZxD3f5cy5ok,4YRmlGRIdL7pS3Xqr69HcQ
7nwUJBm0HE4ZxD3f5cy5ok,4YRmlGRIdL7pS3Xqr69HcQ
7nwUJBm0HE4ZxD3f5cy5ok,4YRmlGRIdL7pS3Xqr69HcQ
7nwUJBm0HE4ZxD3f5cy5ok,4YRmlGRIdL7pS3Xqr69HcQ
7nwUJBm0HE4ZxD3f5cy5ok,0MvSBMGRQJY3mRwIbJsqF1
7nwUJBm0HE4ZxD3f5cy5ok,0MvSBMGRQJY3mRwIbJsqF1
7nwUJBm0HE4ZxD3f5cy5ok,0MvSBMGRQJY3mRwIbJsqF1
7nwUJBm0HE4ZxD3f5cy5ok,0MvSBMGRQJY3mRwIbJsqF1
7nwUJBm0HE4ZxD3f5cy5ok,0MvSBMGRQJY3mRwIbJsqF1
7nwUJBm0HE4ZxD3f5cy5ok,0MvSBMGRQJY3mRwIbJsqF1
7nwUJBm0HE4ZxD3f5cy5ok,0MvSBMGRQJY3mRwIbJsqF1
7nwUJBm0HE4ZxD3f5cy5ok,0MvSBMGRQJY3mRwIbJsqF1
7nwUJBm0HE4ZxD3f5cy5ok,0MvSBMGRQJY3mRwIbJsqF1
7nwUJBm0HE4ZxD3f5cy5ok,0MvSBMGRQJY3mRwIbJsqF1
7nwUJBm0HE4ZxD3f5cy5ok,0MvSBMGRQJY3mRwIbJsqF1
7nwUJBm0HE4ZxD3f5cy5ok,0MvSBMGRQJY3mRwIbJsqF1
7nwUJBm0HE4ZxD3f5cy5ok,0MvSBMGRQJY3mRwIbJsqF1
7nwUJBm0HE4ZxD3f5cy5ok,0MvSBMGRQJY3mRwIbJsqF1
7nwUJBm0HE4ZxD3f5cy5ok,24hJWbo98sH84tb0nkeaqy
7nwUJBm0HE4ZxD3f5cy5ok,19y5MFBH7gohEdGwKM7QsP
7nwUJBm0HE4ZxD3f5cy5ok,7GaxyUddsPok8BuhxN6OUW
7nwUJBm0HE4ZxD3f5cy5ok,6XpaIBNiVzIetEPCWDvAFP
7nwUJBm0HE4ZxD3f5cy5ok,7fIvjotigTGWqjIz6EP1i4
7nwUJBm0HE4ZxD3f5cy5ok,6I3M904Y9IwgDjrQ9pANiB
7fIvjotigTGWqjIz6EP1i4,6I3M904Y9IwgDjrQ9pANiB
7nwUJBm0HE4ZxD3f5cy5ok,7GaxyUddsPok8BuhxN6OUW
7nwUJBm0HE4ZxD3f5cy5ok,7GaxyUddsPok8BuhxN6OUW
7nwUJBm0HE4ZxD3f5cy5ok,4Sf00VCQOO7WNxjVzPSE4J
7GaxyUddsPok8BuhxN6OUW,4Sf00VCQOO7WNxjVzPSE4J
7nwUJBm0HE4ZxD3f5cy5ok,7GaxyUddsPok8BuhxN6OUW
7nwUJBm0HE4ZxD3f5cy5ok,4Sf00VCQOO7WNxjVzPSE4J
7GaxyUddsPok8BuhxN6OUW,4Sf00VCQOO7WNxjVzPSE4J
7nwUJBm0HE4ZxD3f5cy5ok,7GaxyUddsPok8BuhxN6OUW
7nwUJBm0HE4ZxD3f5cy5ok,4Sf00VCQOO7WNxjVzPSE4J
7GaxyUddsPok8BuhxN6OUW,4Sf00VCQOO7WNxjVzPSE4J
7nwUJBm0HE4ZxD3f5cy5ok,7GaxyUddsPok8BuhxN6OUW
7nwUJBm0HE4ZxD3f5cy5ok,4Sf00VCQOO7WNxjVzPSE4J
7GaxyUddsPok8BuhxN6OUW,4Sf00VCQOO7WNxjVzPSE4J
7nwUJBm0HE4ZxD3f5cy5ok,7GaxyUddsPok8BuhxN6OUW
7nwUJBm0HE4ZxD3f5cy5ok,6XpaIBNiVzIetEPCWDvAFP
7nwUJBm0HE4ZxD3f5cy5ok,6XpaIBNiVzIetEPCWDvAFP
7nwUJBm0HE4ZxD3f5cy5ok,6XpaIBNiVzIetEPCWDvAFP
7nwUJBm0HE4ZxD3f5cy5ok,6XpaIBNiVzIetEPCWDvAFP
7nwUJBm0HE4ZxD3f5cy5ok,6XpaIBNiVzIetEPCWDvAFP
7nwUJBm0HE4ZxD3f5cy5ok,6XpaIBNiVzIetEPCWDvAFP
7nwUJBm0HE4ZxD3f5cy5ok,6XpaIBNiVzIetEPCWDvAFP
7nwUJBm0HE4ZxD3f5cy5ok,6XpaIBNiVzIetEPCWDvAFP
7nwUJBm0HE4ZxD3f5cy5ok,6XpaIBNiVzIetEPCWDvAFP
7nwUJBm0HE4ZxD3f5cy5ok,0ycJEU9wAsL1ufvD4bP7kd
6XpaIBNiVzIetEPCWDvAFP,0ycJEU9wAsL1ufvD4bP7kd
7nwUJBm0HE4ZxD3f5cy5ok,6XpaIBNiVzIetEPCWDvAFP
7nwUJBm0HE4ZxD3f5cy5ok,4lcQDqq7wk4snfzY0PuS3M
7nwUJBm0HE4ZxD3f5cy5ok,4lcQDqq7wk4snfzY0PuS3M
7nwUJBm0HE4ZxD3f5cy5ok,2Mihm7BTA7LR57k8BVBehH
7nwUJBm0HE4ZxD3f5cy5ok,2Mihm7BTA7LR57k8BVBehH
7nwUJBm0HE4ZxD3f5cy5ok,3wPCocpX3fPmsroVQ9OBT7
7nwUJBm0HE4ZxD3f5cy5ok,3aSpVhVAWOLuMfGb1Z4YDv
7nwUJBm0HE4ZxD3f5cy5ok,6lUcc15t11bnaPr2qOuFs2
19ra5tSw0tWufvUp8GotLo,7nwUJBm0HE4ZxD3f5cy5ok
19ra5tSw0tWufvUp8GotLo,7nwUJBm0HE4ZxD3f5cy5ok
19ra5tSw0tWufvUp8GotLo,7nwUJBm0HE4ZxD3f5cy5ok
19ra5tSw0tWufvUp8GotLo,7nwUJBm0HE4ZxD3f5cy5ok
7nwUJBm0HE4ZxD3f5cy5ok,003kZCrZhoxCckVJ2jCiJC
7nwUJBm0HE4ZxD3f5cy5ok,5g1lWbZIQ0LCWbKmRJDSSn
