7,o,P,g,C,Q,q,M,M,X,E,X,r,N,a,u,5,v,x,Y,Z,P
0,k,1,7,h,0,D,3,J,5,V,f,s,d,m,Q,1,i,Z,t,E,9
6,w,W,V,K,h,x,I,U,2,c,E,i,0,K,8,1,v,7,H,v,P
3,u,w,A,m,6,v,Q,y,7,k,W,P,S,2,b,c,i,K,W,x,9
3,v,A,a,W,h,d,B,R,3,8,Q,0,2,o,h,X,q,a,N,H,T
7,7,6,U,o,8,4,5,n,Y,H,J,p,N,a,S,t,v,1,D,s,4
7,j,d,F,E,Y,D,2,L,T,Y,j,f,w,x,O,d,l,V,j,m,c
3,6,Q,J,p,D,e,2,g,o,2,K,g,a,R,l,e,H,C,D,T,p
0,5,f,G,4,7,3,i,I,a,o,y,8,2,B,F,1,a,G,h,L,8
6,1,q,D,o,t,n,j,M,0,j,n,Y,5,l,k,f,O,P,7,v,e
1,Q,p,5,6,T,7,n,9,5,0,O,3,E,G,M,s,S,l,8,1,D
7,L,n,8,0,l,U,S,6,H,e,0,7,X,v,H,I,8,q,q,H,H
6,K,I,m,C,V,D,7,0,v,t,I,o,J,W,n,q,6,n,G,n,3
5,e,A,W,C,f,y,U,h,Z,t,H,H,t,B,d,N,k,5,6,l,1
6,m,d,i,A,m,A,T,A,x,7,3,k,d,x,r,N,r,n,l,a,o
1,Q,A,J,q,y,2,d,A,3,i,h,H,B,F,I,H,R,p,h,Z,j
6,4,t,N,s,m,6,T,n,Z,e,2,z,p,c,M,V,M,O,o,H,L
3,c,j,E,q,q,e,l,V,9,z,b,4,B,Y,E,3,q,D,Q,4,O
6,o,l,E,6,T,J,L,q,E,D,3,r,q,D,C,T,0,F,y,P,h
1,4,p,V,k,F,U,H,D,L,2,0,7,L,z,L,H,t,S,A,1,8
2,J,c,4,A,E,e,B,T,E,4,7,K,w,u,K,g,Y,O,t,c,L
0,L,8,E,x,T,0,2,8,j,H,3,d,d,E,c,Z,w,q,J,J,5
7,1,1,M,C,c,e,y,C,B,c,F,n,z,j,G,Y,4,Q,7,U,n
0,L,c,J,L,q,b,B,m,a,G,U,f,t,1,e,9,M,m,8,H,V
2,d,0,h,y,o,Q,5,y,n,D,B,n,k,v,A,b,J,K,O,R,j
2,z,i,B,7,f,z,r,X,B,o,h,1,H,U,P,S,6,s,V,F,n
3,Y,c,B,F,2,t,t,y,u,e,y,t,p,X,t,E,z,n,1,Z,a
3,y,Y,2,g,U,c,I,s,j,M,r,8,h,j,o,5,1,P,o,J,8
3,Y,b,O,S,x,o,8,5,k,l,a,7,R,I,D,8,u,g,n,W,3
2,W,a,w,2,s,S,b,q,v,A,w,K,8,N,w,A,C,N,j,V,o
0,e,8,6,y,P,d,C,4,1,P,G,R,k,L,p,2,Q,1,B,p,h
7,j,e,f,I,I,k,s,O,i,1,E,a,z,g,R,T,f,W,2,P,k
7,j,y,3,r,L,J,d,D,Q,Y,2,1,O,g,R,L,C,Z,9,s,D
5,6,Z,T,g,z,P,B,D,g,e,0,O,v,C,G,g,M,O,3,O,Y
6,z,v,u,l,5,2,x,w,T,W,z,i,l,B,Z,l,6,B,U,b,T
0,E,C,w,F,t,b,I,W,E,V,N,w,j,l,r,f,c,6,x,o,L
4,p,e,j,U,c,4,i,c,i,Q,f,g,d,X,6,O,K,u,l,Q,n
6,3,y,r,D,8,0,R,Y,3,R,N,E,M,2,Y,D,p,U,p,O,8
2,D,a,x,q,g,r,O,h,k,e,H,0,f,p,e,i,Q,q,2,f,4
0,n,9,4,v,C,3,S,9,c,3,m,b,2,H,y,N,A,O,c,j,g
4,A,K,6,F,7,O,L,v,E,Q,5,Q,Y,C,B,N,i,Q,W,H,q
