STAYING ALIVE (feat. Drake & Lil Baby),0oEsQwXJhNbbb8VT0xOMok,DJ Khaled,0QHgL1lAIqAw0HtD7YldmP,Drake,3TVXtAsR1Inumwj472S9r4,Lil Baby,5f7VJjfbwm532GiveGC0ZK
Over The Top (feat. Drake),4ROMS3rcR9JepxAtDRpvc5,Smiley,6jeg7JBX9J9097esK752iR,Drake,3TVXtAsR1Inumwj472S9r4
Seeing Green,4o2xz4a9BjYCHh2xfYH50t,Nicki Minaj,0hCNtLu0JehylgoiP8L4Gh,Drake,3TVXtAsR1Inumwj472S9r4,Lil Wayne,55Aa2cqylxrFIXC767Z865
B.B. King Freestyle,4Epq84TTM5hHH5jI78R271,Lil Wayne,55Aa2cqylxrFIXC767Z865,Drake,3TVXtAsR1Inumwj472S9r4
You’re Mines Still (feat. Drake),7MQJy9di8JoLJOkG5mZAry,BLEU,3KNIG74xSTc3dj0TRy7pGX,Drake,3TVXtAsR1Inumwj472S9r4
Laugh Now Cry Later (feat. Lil Durk),0qGdc7fNq9RNIPEzZufa43,Drake,3TVXtAsR1Inumwj472S9r4,Lil Durk,3hcs9uc56yIGFCSy9leWe7
TWIST & TURN (feat. Drake & PARTYNEXTDOOR),2Yl3e3mavQghu4a6LmW79H,Popcaan,62DmErcU7dqZbJaDqwsqzR,Drake,3TVXtAsR1Inumwj472S9r4,PARTYNEXTDOOR,2HPaUgqeutzr3jx5a9WyDV
Only You Freestyle,5L6DR2YmRLRZ4CmR91l3Z4,Headie One,6UCQYrcJ6wab6gnQ89OJFh,Drake,3TVXtAsR1Inumwj472S9r4
POPSTAR (feat. Drake),5nNtpPsSUgb9Hlb3dF1gXa,DJ Khaled,0QHgL1lAIqAw0HtD7YldmP,Drake,3TVXtAsR1Inumwj472S9r4
GREECE (feat. Drake),3O6ywzP5LE5msmuBBTpaIN,DJ Khaled,0QHgL1lAIqAw0HtD7YldmP,Drake,3TVXtAsR1Inumwj472S9r4
LOYAL (feat. Drake and Bad Bunny) [Remix],6uCwfD6oFM4hX6wSYTY1Xr,PARTYNEXTDOOR,2HPaUgqeutzr3jx5a9WyDV,Drake,3TVXtAsR1Inumwj472S9r4,Bad Bunny,4q3ewBCX7sLwd24euuV69X
Life Is Good (feat. Drake),5uCEoLCj3ZZZ1EtzQdQWVl,Future,1RyvyyTE3xzB2ZywiAwp0i,Drake,3TVXtAsR1Inumwj472S9r4
LOYAL (feat. Drake),1U1uqmoe8hdbqZWRqd23li,PARTYNEXTDOOR,2HPaUgqeutzr3jx5a9WyDV,Drake,3TVXtAsR1Inumwj472S9r4
Ela É do Tipo (feat. Drake) [Remix],76DKVptBQueRuRfpf3YM9m,MC Kevin o Chris,2UMj7NCbuqy1yUZmiSYGjJ,Drake,3TVXtAsR1Inumwj472S9r4
Look Alive (feat. Drake),7GGoJfKFOwDNuiLjjfzyCS,BlocBoy JB,4TEJudQY2pXxVHPE3gD2EU,Drake,3TVXtAsR1Inumwj472S9r4
No Frauds,40l9uf8fvmVzRRXQCVwhOJ,Nicki Minaj,0hCNtLu0JehylgoiP8L4Gh,Drake,3TVXtAsR1Inumwj472S9r4,Lil Wayne,55Aa2cqylxrFIXC767Z865
For Free (feat. Drake),5LtfnA65xcuxkP4iQwVsgA,DJ Khaled,0QHgL1lAIqAw0HtD7YldmP,Drake,3TVXtAsR1Inumwj472S9r4
Live For,0v4UlHEDcUBbV9kM3TX4bj,The Weeknd,1Xyo4u8uXC1ZmMpatF05PJ,Drake,3TVXtAsR1Inumwj472S9r4
WAIT FOR U (feat. Drake & Tems),2pj2wbzFFzIYaOg2wuOK2Z,Future,1RyvyyTE3xzB2ZywiAwp0i,Tems,687cZJR45JO7jhk1LHIbgq
WAIT FOR U (feat. Drake & Tems) [Instrumental],0juWDSIC6XcturbHEKulUV,Future,1RyvyyTE3xzB2ZywiAwp0i,Tems,687cZJR45JO7jhk1LHIbgq
Culture III (Quavo's Way),0b4adjowyWWFk4NhRfNWpq,Migos,6oMuImdp5ZcFhWP0ESe6mG,Quality Control,6i392l38cR3uBPF0DbNs7S,Quavo,0VRj0yCOv2FXJNP47XQnx5
Culture III (Takeoff's Way),30Js1dX61B8nYV2NS4bCwc,Migos,6oMuImdp5ZcFhWP0ESe6mG,Quality Control,6i392l38cR3uBPF0DbNs7S,Takeoff,3EW0kQ1skZiK1NHg3Spt9J
Culture III (Offset's Way),0Sso7yBuzkVzBwXOA2IZjv,Migos,6oMuImdp5ZcFhWP0ESe6mG,Quality Control,6i392l38cR3uBPF0DbNs7S,Offset,4DdkRBBYG6Yk9Ka8tdJ9BW
Slime Language 2,3ihwKkIMJWmmp1huNH0iWC,Young Stoner Life,1xr2G8Hlx4QWmT9HaUbmoO,Young Thug,50co4Is1HCEo8bhOyUWKpn,Gunna,2hlmm7s2ICUX0LVIhVFlZQ
Slime Language 2 (Deluxe),3XADnbi4uhYXb7RuSJ7bre,Young Stoner Life,1xr2G8Hlx4QWmT9HaUbmoO,Young Thug,50co4Is1HCEo8bhOyUWKpn,Gunna,2hlmm7s2ICUX0LVIhVFlZQ
SAVAGE MODE II [CHOPPED NOT SLOPPED],263anqt2ayA25jSEXfs0i1,21 Savage,1URnnhqYAYcrqrcwql10ft,Metro Boomin,0iEtIxbK0KxaSlF7G42ZOp
SAVAGE MODE II,6wTyGUWGCilBFZ837k5aRi,21 Savage,1URnnhqYAYcrqrcwql10ft,Metro Boomin,0iEtIxbK0KxaSlF7G42ZOp
Oprah’s Bank Account (Lil Yachty & DaBaby feat. Drake),56Abu6NLfNM5X7rJhrUdO4,Lil Yachty,6icQOAFXDZKsumw3YXyusw,DaBaby,4r63FhuTkUYltbVAg5TQnk
"Life Is Good (feat. Drake, DaBaby & Lil Baby) [Remix]",0YEH6ciBiMrVM4Rl1R10Wz,Future,1RyvyyTE3xzB2ZywiAwp0i,DaBaby,4r63FhuTkUYltbVAg5TQnk
NOT ALL HEROES WEAR CAPES (Deluxe),3IO8IPjwXuzPJnoaqkwYrj,Metro Boomin,0iEtIxbK0KxaSlF7G42ZOp,21 Savage,1URnnhqYAYcrqrcwql10ft
Edgewood (41E Edition),4s5uzm05Xu09mBKv9E58x1,Trouble,0701LAQrkY5Il5vt06uNnC,Mike WiLL Made-It,0NWbwDZY1VkRqFafuQm6wk
Drip Harder,2yXnY2NiaZk9QiJJittS81,Lil Baby,5f7VJjfbwm532GiveGC0ZK,Gunna,2hlmm7s2ICUX0LVIhVFlZQ
Lemon (feat. Drake) [Drake Remix],2TKbBIv3QaM46sT9BtHKm1,N.E.R.D,5wPoxI5si3eJsYYwyXV4Wi,Rihanna,5pKCCKE2ajJHZ9KAiaK11H
Zone,2nB4hPkIT80DFtf7lHyviw,Future,1RyvyyTE3xzB2ZywiAwp0i,Gucci Mane,13y7CgLHjMVRMDqxdx0Xdo
RG2,2ppw6DFuPFHi4EOGLxHX2F,Rich Homie Quan,5lHRUCqkQZCIWeX7xG4sYT,Birdman,35sCXuy5gN6Or69rZ9vqBs,Young Thug,50co4Is1HCEo8bhOyUWKpn
Lo Siento BB:/ (with Bad Bunny & Julieta Venegas),4589OIFRZp41qbsp7TWFCx,Tainy,0GM7qgcRCORpGnfcN2tCiB,Bad Bunny,4q3ewBCX7sLwd24euuV69X,Julieta Venegas,2QWIScpFDNxmS6ZEMIUvgm
Volví,23zzZlUiABIg4ftZbJ7peK,Aventura,1qto4hHid1P71emI6Fd8xi,Bad Bunny,4q3ewBCX7sLwd24euuV69X
Volando (Remix),4MCZWUKxkvdMITh4KapBKX,Mora,0Q8NcsJwoCbZOHHW63su5S,Bad Bunny,4q3ewBCX7sLwd24euuV69X,Sech,77ziqFxp5gaInVrF2lj4ht
AM Remix,1jTRS4KS666BesH1GUHyEV,Nio Garcia,5hdhHgpxyniooUiQVaPxQ0,J Balvin,1vyhD5VmyZ7KMfW5gqLgo5,Bad Bunny,4q3ewBCX7sLwd24euuV69X
100 MILLONES,5nqsQ0kfgdhrN8is8FR2rP,Bad Bunny,4q3ewBCX7sLwd24euuV69X,Luar La L,4axKuDPr6WKcDCyh8vueTY
DÁKITI,43dl8hP5uNN9s6YeeJA5fv,Bad Bunny,4q3ewBCX7sLwd24euuV69X,Jhay Cortez,0EFisYRi20PTADoJrifHrz
Yo Perreo Sola (Remix),5PnvXVpTYKTgaSOGF5DGjL,Bad Bunny,4q3ewBCX7sLwd24euuV69X,Nesi,0f6U482Lbo91QNqNFH4Tat,Ivy Queen,6p2442ymrT9lZEuCZJdYcH
UN DIA (ONE DAY) (Feat. Tainy),6aqSlutLYNpzSsK4dV5jTr,J Balvin,1vyhD5VmyZ7KMfW5gqLgo5,Dua Lipa,6M2wZ9GZgrQXHCFfjv46we,Bad Bunny,4q3ewBCX7sLwd24euuV69X
CÓMO SE SIENTE (Remix),0VLl6NV05DjwNE2lZFdCEI,Jhayco,6nVcHLIgY5pE2YCl8ubca1,Bad Bunny,4q3ewBCX7sLwd24euuV69X
Ignorantes,7Hw9RJbQPN0gUx4xjgFLhj,Bad Bunny,4q3ewBCX7sLwd24euuV69X,Sech,77ziqFxp5gaInVrF2lj4ht
Cántalo,25a4WLnsIpQFbJ8d3SiF9y,Ricky Martin,7slfeZO9LsJbWgpkIoXBUJ,Residente,5GcWBUX00IPuWVGMIRK1sS,Bad Bunny,4q3ewBCX7sLwd24euuV69X
Soy El Diablo (Remix),37zRKUEX9zhmGThutsr2Fo,Natanael Cano,0elWFr7TW8piilVRYJUe4P,Bad Bunny,4q3ewBCX7sLwd24euuV69X
Subimos de Rango,778jBq4jMs5U6f7vNVl626,Bad Bunny,4q3ewBCX7sLwd24euuV69X,Omy de Oro,65jIUih0ZeTUJhSTRuYxpi,Shootter Ledo,2e5kXDvESsDPMyuQZ0qouH
Kemba Walker,0vHmXJNuSKs3Tbgt811AMe,Eladio Carrion,5XJDexmWFLWOkjOEjOVX3e,Bad Bunny,4q3ewBCX7sLwd24euuV69X
Bellacoso,0un8ZRojNl6fYFRHYzQ9GG,Residente,5GcWBUX00IPuWVGMIRK1sS,Bad Bunny,4q3ewBCX7sLwd24euuV69X
Estamos Arriba,48eb5w6QS1v1YnLsw1fNkG,Bad Bunny,4q3ewBCX7sLwd24euuV69X,Myke Towers,7iK8PXO48WeuP03g8YR51W
Callaita,06S3Qjh4QWLtn6c7CVhYh7,Bad Bunny,4q3ewBCX7sLwd24euuV69X,Tainy,0GM7qgcRCORpGnfcN2tCiB
No Me Conoce (Remix),2t2aNgqXTXuCh9fqT05g9U,Jhay Cortez,0EFisYRi20PTADoJrifHrz,J Balvin,1vyhD5VmyZ7KMfW5gqLgo5,Bad Bunny,4q3ewBCX7sLwd24euuV69X
Soltera (Remix),2m9Vuc9Q19qhSm6RQmBgsR,Lunay,47MpMsUfWtgyIIBEFOr4FE,Daddy Yankee,4VMYDCV2IEDYJArk749S6m,Bad Bunny,4q3ewBCX7sLwd24euuV69X
Te Guste,0TV9iQEnYeQeKZOfXhok1D,Jennifer Lopez,2DlGxzQSjYe5N6G9nkYghR,Bad Bunny,4q3ewBCX7sLwd24euuV69X
Está Rico,3ztJAikTd2AHTixfSPG185,Marc Anthony,4wLXwxDeWQ8mtUIRPxGiD6,Will Smith,41qil2VaGbD194gaEcmmyx,Bad Bunny,4q3ewBCX7sLwd24euuV69X
Como Soy,79AMceYOPnEZcHifQd5hRM,Pacho El Antifeka,03Enzet8KLMkjdeQnbqbmn,Daddy Yankee,4VMYDCV2IEDYJArk749S6m,Bad Bunny,4q3ewBCX7sLwd24euuV69X
Vamos Pa' la Calle,2vxB70Px7XbApWAGXF3rHi,Bad Bunny,4q3ewBCX7sLwd24euuV69X,"Héctor ""El Father""",2TjgzYcbTdsZjbT9OItIeB
¿Cual Es Tu Plan?,5tYl7Wcb6TIVB3gs7tuBu8,Bad Bunny,4q3ewBCX7sLwd24euuV69X,Ñejo,2OHKEe204spO7G7NcbeO2o,Pj Sin Suela,0AdjzZxHJ4MfbImx2rD0Df
Satisfacción,54kKKlH1NeDeihHxTYEvGA,Nicky Jam,1SupJlEpv7RS2tPNRaHViT,Bad Bunny,4q3ewBCX7sLwd24euuV69X,Arcangel,4SsVbpTthjScTS7U2hmr1X
Original,1uZkljHrJwzshskgKsvkF3,Arcangel,4SsVbpTthjScTS7U2hmr1X,Bad Bunny,4q3ewBCX7sLwd24euuV69X
I Like It,6oRrfGcUeAwfX1lTdxZFFj,Cardi B,4kYSro6naA4h99UJvo89HB,Bad Bunny,4q3ewBCX7sLwd24euuV69X,J Balvin,1vyhD5VmyZ7KMfW5gqLgo5
Te Descuidó,7aK4DLa2jiuOLA9SOgtZEx,Barbosa,1ZTqusXWkfiTeOciFTpphG,Bryant Myers,6w9ToX5slZ4uIdmD17hJ3c,Bad Bunny,4q3ewBCX7sLwd24euuV69X
Te Boté (Remix),42wLKnuGyBLGWwH89lnimL,Nio Garcia,5hdhHgpxyniooUiQVaPxQ0,Casper Magico,1fux65HMCBvfJHqlBc4Nno,Bad Bunny,4q3ewBCX7sLwd24euuV69X
Explícale (feat. Cosculluela & Brytiago) [Remix],4BQBdbRNXOJAV580HH1mr2,Yandel,0eHQ9o50hj6ZDNBt6Ys1sD,Bad Bunny,4q3ewBCX7sLwd24euuV69X,Noriel,3RtNN1VnooWEn3KQk03DUL
Dime,1ySViVTiU5OmwkJdqXGiug,Revol,2wYOpkTJZGByNEOjEnSmoW,J Balvin,1vyhD5VmyZ7KMfW5gqLgo5,Bad Bunny,4q3ewBCX7sLwd24euuV69X
Loca Remix,5EuK2rW0iPINmt21KPbIUQ,KHEA,4m6ubhNsdwF4psNf3R8kwR,Bad Bunny,4q3ewBCX7sLwd24euuV69X,Duki,1bAftSH8umNcGZ0uyV7LMg
Fantasía,0zkiG9LJAyskDhlKTr8Ma4,Alex Sensation,0OROVBEZCocg0FcgJpyBse,Bad Bunny,4q3ewBCX7sLwd24euuV69X
El Combo Me Llama 2,6NV3Z2hJhqaNXXzWI0C8xX,Benny Benni,5gUZ67Vzi1FV2SnrWl1GlE,Daddy Yankee,4VMYDCV2IEDYJArk749S6m,Bad Bunny,4q3ewBCX7sLwd24euuV69X
Amantes de una Noche,0CndR1d5UG1pNPyORsIZPC,Natti Natasha,1GDbiv3spRmZ1XdM1jQbT7,Bad Bunny,4q3ewBCX7sLwd24euuV69X
El Favorito de los Capo (Remix),2Wwlfka1zfYcOvGtPGKTXp,Flow Mafia,0pxWSJ3TbIRuGPJnmxCfBe,Arcangel,7viqvBP4uYljgKcqYfLkvu,Bad Bunny,4q3ewBCX7sLwd24euuV69X
Favorito de los Capo (Remix),6K4BnAVx40urYEApIK9PJu,Flow Mafia,0pxWSJ3TbIRuGPJnmxCfBe,Arcangel,7viqvBP4uYljgKcqYfLkvu,Bad Bunny,4q3ewBCX7sLwd24euuV69X
Krippy Kush (feat. Travis Scott & Rvssian) [Travis Scott Remix],6EXOKG8YG2DSS4G6ZzUd59,Farruko,329e4yvIujISKGKz1BZZbO,Nicki Minaj,0hCNtLu0JehylgoiP8L4Gh,Bad Bunny,4q3ewBCX7sLwd24euuV69X
Favorito De Los Capo (Remix),5bxcR9wq1AF8dhrru2XsVD,Flow Mafia,0pxWSJ3TbIRuGPJnmxCfBe,Arcangel,7viqvBP4uYljgKcqYfLkvu,Bad Bunny,4q3ewBCX7sLwd24euuV69X
Krippy Kush (feat. 21 Savage & Rvssian) [Remix],6PLLKjD7vpHDrl8tc7aFaR,Farruko,329e4yvIujISKGKz1BZZbO,Nicki Minaj,0hCNtLu0JehylgoiP8L4Gh,Bad Bunny,4q3ewBCX7sLwd24euuV69X
Ahora Me Llama (Remix),3QL5SDLpu79KrQAW3jhJ8y,KAROL G,790FomKkXshlbRYZFtlgla,Bad Bunny,4q3ewBCX7sLwd24euuV69X,Quavo,0VRj0yCOv2FXJNP47XQnx5
Vuelve,4fM1JysLcYDX9No45tZmqO,Daddy Yankee,4VMYDCV2IEDYJArk749S6m,Bad Bunny,4q3ewBCX7sLwd24euuV69X
Mayores (Urban Tropical),6SewmHstYQsZ3LOknitRHG,Becky G,4obzFoKoKRHIphyHzJ35G3,Bad Bunny,4q3ewBCX7sLwd24euuV69X
Lean,3UozLoQIShlJYRlqKSsOkH,Amenazzy,6kq4GHwUcUojGIu0ziSNXf,Bad Bunny,4q3ewBCX7sLwd24euuV69X,Lito Kirino,68w2t0wbrGnxSIUHzWs5bt
Know No Better (feat. Travis Scott & Quavo) [Bad Bunny Remix],03xhqy2jL1eQlHr4oBHAHJ,Major Lazer,738wLrAtLtCtFOLvQBXOXp,Camila Cabello,4nDoRrQiYLoBzwC5BhVJzF,Bad Bunny,4q3ewBCX7sLwd24euuV69X
Báilame (Remix),0BBs6GycSWEt2A2Ymw5I8f,Nacho,2ayNSoKPCRAfjp6hQ76hRu,Yandel,0eHQ9o50hj6ZDNBt6Ys1sD,Bad Bunny,4q3ewBCX7sLwd24euuV69X
Mayores,1oOtMDLY2ezuvrvodAxj8o,Becky G,4obzFoKoKRHIphyHzJ35G3,Bad Bunny,4q3ewBCX7sLwd24euuV69X
Netflixxx,4h34lJExlaUMZjxIkrhIM2,Brytiago,00XhexlJEXQstHimpZN910,Bad Bunny,4q3ewBCX7sLwd24euuV69X
Give It Up,0v1jPaywl0pws3Dm8pqRnb,Breakfast n Vegas,0iwRZ9bQya1TDUAk5qN5YX,Messiah,0tR60pwxQ5WKjPxQcKoCQ7,Bad Bunny,4q3ewBCX7sLwd24euuV69X
El Amante (Remix),4u3AJrck3pjgZStNfmSnG7,Nicky Jam,1SupJlEpv7RS2tPNRaHViT,Ozuna,1i8SpTcr7yvPOmcqrbnVXY,Bad Bunny,4q3ewBCX7sLwd24euuV69X
Un Ratito Mas,0AIoxEYCgmfD856498j2dq,Bryant Myers,6w9ToX5slZ4uIdmD17hJ3c,Bad Bunny,4q3ewBCX7sLwd24euuV69X
Ahora Me Llama,5G7fWlRbbz0ebcdTaEomEu,KAROL G,790FomKkXshlbRYZFtlgla,Bad Bunny,4q3ewBCX7sLwd24euuV69X
Blockia,1hSE6GgLMO64esTVyBjjG4,Bad Bunny,4q3ewBCX7sLwd24euuV69X,Farruko,329e4yvIujISKGKz1BZZbO
Me Mata,711Ewqb91hqv9aKXWPaBTI,Bad Bunny,4q3ewBCX7sLwd24euuV69X,Mambo Kingz,2T1aUibqR2QC2sINIDQOAK,DJ Luian,64aJYyrXljOodnUG6jvhRD
Trepate,3YPSCNYPDkceKVkstEH4ew,Sixto Rein,2dYSrA999b3VYp5V4J12T7,Lary Over,1jSjfSgDjedJdi5MoyRu78,Bad Bunny,4q3ewBCX7sLwd24euuV69X
Tranquilo,7CUZQVHLggh7X0za629It0,Kevin Roldan,1RBzGO6Nm3uyhUSxP7EDWO,Bad Bunny,4q3ewBCX7sLwd24euuV69X
No Te Hagas,5z6CpoA90Y3xIZC45maoYu,Jory Boy,5lFhCi03HDneWzvCxGctrT,Bad Bunny,4q3ewBCX7sLwd24euuV69X
Amigos y Enemigos (Remix),3pUkjrzOZhiaipOiANpLuF,Noriel,3RtNN1VnooWEn3KQk03DUL,Bad Bunny,4q3ewBCX7sLwd24euuV69X,Almighty,6P6GTRTigHBp8ZesNtpCKH
Crecia,308DxwOKHOWzIhnUIz0bpy,Justin Quiles,14zUHaJZo1mnYtn6IBRaRP,Bad Bunny,4q3ewBCX7sLwd24euuV69X,Almighty,6P6GTRTigHBp8ZesNtpCKH
Caile,2QtRthdUjkWEBAp5guyNLJ,Revol,2wYOpkTJZGByNEOjEnSmoW,Bad Bunny,4q3ewBCX7sLwd24euuV69X,Bryant Myers,6w9ToX5slZ4uIdmD17hJ3c
Tu No Vive Asi (feat. Mambo Kingz & DJ Luian),12yPsAPzZ5584HxpItKBUn,Arcangel,4SsVbpTthjScTS7U2hmr1X,Bad Bunny,4q3ewBCX7sLwd24euuV69X
Diles,6kTizLfVRIbzMzT1tb7dex,Bad Bunny,4q3ewBCX7sLwd24euuV69X,Ozuna,1i8SpTcr7yvPOmcqrbnVXY,Farruko,329e4yvIujISKGKz1BZZbO
Otra Vez,6nuhGyaJsDv0s0WQH9u57A,Kelmitt,6tOv5UYDorjmsernjtaHO1,Bad Bunny,4q3ewBCX7sLwd24euuV69X,Darell,1TtXnWcUs0FCkaZDPGYHdf
Now Or Never,1BBjdKgGAqwdEvcvqBOGfT,Nio Garcia,5hdhHgpxyniooUiQVaPxQ0,Casper Magico,1fux65HMCBvfJHqlBc4Nno
El Combo Me Llama 2.1,6q9lnEcgRBtObMY4KoFr8j,Benny Benni,5gUZ67Vzi1FV2SnrWl1GlE,Pacho,6JsnpQVb6kWZ8FArvHbeEM,Pusho,2qbEtwBVyobgpNP5KcHE9J
Te Boté (Clean Version),5IniTg5dxU8hYXkBBcsmak,Casper Magico,1fux65HMCBvfJHqlBc4Nno,Nio Garcia,5hdhHgpxyniooUiQVaPxQ0,Darell,1TtXnWcUs0FCkaZDPGYHdf
Trap Capos II,0OQZL8ymQ9RDHaBULw9kCG,Trap Capos,2pQAUIesBqfT87PaM1ijtk,Noriel,3RtNN1VnooWEn3KQk03DUL
Solita,27Exjl2H0oI6X0WCzZd7Bk,Ozuna,1i8SpTcr7yvPOmcqrbnVXY,Mambo Kingz,2T1aUibqR2QC2sINIDQOAK,DJ Luian,64aJYyrXljOodnUG6jvhRD
Know No Better (Remixes),5QQeGvfjC9N8ERhn63sqLM,Major Lazer,738wLrAtLtCtFOLvQBXOXp,Travis Scott,0Y5tJX1MQlPlqiwlOH1tJY,Camila Cabello,4nDoRrQiYLoBzwC5BhVJzF
Coronamos,7y6mztSpJudF7RVC46bOSS,El Taiger,4PFgfReja3r59JaekHpeuf,J Balvin,1vyhD5VmyZ7KMfW5gqLgo5
47 (Remix),0uwIB5LyXa2riRyWUwKiJA,Anuel AA,2R21vXR83lH98kGeO99Y66,Sinfonico,17vZy9fIIt6woqdWfc7UCy,Ñengo Flow,12vb80Km0Ew53ABfJOepVz
Diabla (Official Remix),5o0J0aKcxXZZ5yelbEU9zU,Carbon Fiber Music,7akJAsqIpakhpXpWEUSEGX,Farruko,329e4yvIujISKGKz1BZZbO,Lary Over,1jSjfSgDjedJdi5MoyRu78
Jimmy Cooks (feat. 21 Savage),3F5CgOj3wFlRv51JsHbxhe,Drake,3TVXtAsR1Inumwj472S9r4,21 Savage,1URnnhqYAYcrqrcwql10ft
Girls Want Girls (with Lil Baby),37Nqx7iavZpotJSDXZWbJ3,Drake,3TVXtAsR1Inumwj472S9r4,Lil Baby,5f7VJjfbwm532GiveGC0ZK
In The Bible (with Lil Durk & Giveon),61S79KIVA4I9FXbnsylEHT,Drake,3TVXtAsR1Inumwj472S9r4,Lil Durk,3hcs9uc56yIGFCSy9leWe7,Giveon,4fxd5Ee7UefO4CUXgwJ7IP
Love All (with JAY-Z),4VCbgIdr8ptegWeJpqLVHH,Drake,3TVXtAsR1Inumwj472S9r4,JAY-Z,3nFkdlSjzX9mRTtwJOzDYB
Fair Trade (with Travis Scott),40iJIUlhi6renaREYGeIDS,Drake,3TVXtAsR1Inumwj472S9r4,Travis Scott,0Y5tJX1MQlPlqiwlOH1tJY
Way 2 Sexy (with Future & Young Thug),0k1WUmIRnG3xU6fvvDVfRG,Drake,3TVXtAsR1Inumwj472S9r4,Future,1RyvyyTE3xzB2ZywiAwp0i,Young Thug,50co4Is1HCEo8bhOyUWKpn
N 2 Deep,34D6FJysnQioVingDKufuf,Drake,3TVXtAsR1Inumwj472S9r4,Future,1RyvyyTE3xzB2ZywiAwp0i
Yebba’s Heartbreak,1PDP7mLiAMwhfmgIwzhOm2,Drake,3TVXtAsR1Inumwj472S9r4,Yebba,1ooV8YZC1KbpEcrmI8WH0F
Knife Talk (with 21 Savage ft. Project Pat),2BcMwX1MPV6ZHP4tUT9uq6,Drake,3TVXtAsR1Inumwj472S9r4,21 Savage,1URnnhqYAYcrqrcwql10ft,Project Pat,08Ld63UgKrJ0nZnCkzHtzc
Fountains (with Tems),08XWh5c0BMyD1nKVxxl91z,Drake,3TVXtAsR1Inumwj472S9r4,Tems,687cZJR45JO7jhk1LHIbgq
Get Along Better,5ScbulRnixQ2XAdvrPMFjz,Drake,3TVXtAsR1Inumwj472S9r4,Ty Dolla $ign,7c0XG5cIJTrrAgEC3ULPiq
You Only Live Twice (with Lil Wayne & Rick Ross),50ceCGZ3oD3U5caQV5bP6f,Drake,3TVXtAsR1Inumwj472S9r4,Lil Wayne,55Aa2cqylxrFIXC767Z865,Rick Ross,1sBkRIssrMs1AbVkOJbc7a
IMY2 (with Kid Cudi),7F9cT6hIRhnFCYP6GKS0tf,Drake,3TVXtAsR1Inumwj472S9r4,Kid Cudi,0fA0VVWsXO9YnASrzqfmYu
Chicago Freestyle (feat. Giveon),4wVOKKEHUJxHCFFNUWDn0B,Drake,3TVXtAsR1Inumwj472S9r4,Giveon,4fxd5Ee7UefO4CUXgwJ7IP
Not You Too (feat. Chris Brown),3Q4gttWQ6hxqWOa3tHoTNi,Drake,3TVXtAsR1Inumwj472S9r4,Chris Brown,7bXgB6jMjp9ATFy66eO08Z
Desires (with Future),7eYAHC0RbBF9eaqWzT34Aq,Drake,3TVXtAsR1Inumwj472S9r4,Future,1RyvyyTE3xzB2ZywiAwp0i
D4L,5fHrHoJKfCgBd35zwIBmUK,Future,1RyvyyTE3xzB2ZywiAwp0i,Drake,3TVXtAsR1Inumwj472S9r4,Young Thug,50co4Is1HCEo8bhOyUWKpn
Pain 1993 (with Playboi Carti),6Kj17Afjo1OKJYpf5VzCeo,Drake,3TVXtAsR1Inumwj472S9r4,Playboi Carti,699OTQXzgjhIYAHMy9RyPD
Demons (feat. Fivio Foreign & Sosa Geek),05aZ9sAU1YXndHv0FMi9iW,Drake,3TVXtAsR1Inumwj472S9r4,Fivio Foreign,14CHVeJGrR5xgUGQFV5BVM,Sosa Geek,2UyyBkpzN5w3hzZBZGvRZb
Jodeci Freestyle (feat. J. Cole),2xUHiyGeGrWmmfv7NbDTWC,Drake,3TVXtAsR1Inumwj472S9r4,J. Cole,6l3HvQ5sa6mXTsMTB19rO5
Free Spirit (feat. Rick Ross),18t8ypY0HYaQuGBxg2KdT2,Drake,3TVXtAsR1Inumwj472S9r4,Rick Ross,1sBkRIssrMs1AbVkOJbc7a
Girls Love Beyoncé (feat. James Fauntleroy),56NDFbD0tCUawnqeU2wcvv,Drake,3TVXtAsR1Inumwj472S9r4,James Fauntleroy,5ooSG9S0glqP5ZrqqaHBvT
Successful (feat. Trey Songz & Lil Wayne),3tbqvZYf7mcIrbLvjzokhv,Drake,3TVXtAsR1Inumwj472S9r4,Trey Songz,2iojnBLj0qIMiKPvVhLnsH,Lil Wayne,55Aa2cqylxrFIXC767Z865
Let’s Call It Off (feat. Peter Bjorn and John),3baJKX6yyPUT92zNStX5z6,Drake,3TVXtAsR1Inumwj472S9r4,Peter Bjorn and John,6u11Qbko2N2hP4lTBYjX86
Ignant Shit (feat. Lil Wayne),2h65kdqlhMRtp5l5qIFA9v,Drake,3TVXtAsR1Inumwj472S9r4,Lil Wayne,55Aa2cqylxrFIXC767Z865
A Night Off (feat. Lloyd),1bMYRdTXYdj7KSu4r0O3IQ,Drake,3TVXtAsR1Inumwj472S9r4,Lloyd,1Xfmvd48oOhEWkscWyEbh9
Little Bit (feat. Lykke Li),1uBaQNOsRatk1bBTBJnKek,Drake,3TVXtAsR1Inumwj472S9r4,Lykke Li,6oBm8HB0yfrIc9IHbxs6in
Unstoppable (feat. Santigold & Lil Wayne),3DQb8H8mBaxXtrpwZWfen1,Drake,3TVXtAsR1Inumwj472S9r4,Santigold,6Jrxnp0JgqmeUX1veU591p,Lil Wayne,55Aa2cqylxrFIXC767Z865
Uptown (feat. Bun B & Lil Wayne),6xTROKXoqNjGhFNIjfoDO2,Drake,3TVXtAsR1Inumwj472S9r4,Bun B,45a6gCQWq61lIUDmr1tKuO,Lil Wayne,55Aa2cqylxrFIXC767Z865
Bria's Interlude (feat. Omarion),3x8P00PKvIL9w7Z3XI9zyW,Drake,3TVXtAsR1Inumwj472S9r4,Omarion,0f5nVCcR06GX8Qikz0COtT
Outro (feat. Chilly Gonzales),5hKi8LHc2GF5v9TSsvgZaf,Drake,3TVXtAsR1Inumwj472S9r4,Chilly Gonzales,0qudezVgvl4Chd9BgNFB83
Talk Up (feat. Jay-Z),4ksuI04WMvUnJbHQjgs3L5,Drake,3TVXtAsR1Inumwj472S9r4,JAY-Z,3nFkdlSjzX9mRTtwJOzDYB
Don’t Matter To Me (with Michael Jackson),6G8kHiVZ1jW7vHMPVRNZU0,Drake,3TVXtAsR1Inumwj472S9r4,Michael Jackson,3fMbdgg4jU18AjLCKBhRSm
After Dark (feat. Static Major & Ty Dolla $ign),3mvYQKm8h6M5K5h0nVPY9S,Drake,3TVXtAsR1Inumwj472S9r4,Static Major,3pbi8H08p95NUZ7m6ybxUV,Ty Dolla $ign,7c0XG5cIJTrrAgEC3ULPiq
No Long Talk,6CfrYuD3YRDYdYvH9jNtXY,Drake,3TVXtAsR1Inumwj472S9r4,Giggs,3S0tlB4fE7ChxI2pWz8Xip
Get It Together,7y6c07pgjZvtHI9kuMVqk1,Drake,3TVXtAsR1Inumwj472S9r4,Black Coffee,6wMr4zKPrrR0UVz08WtUWc,Jorja Smith,1CoZyIx7UvdxT5c8UkMzHd
4422,2fkeWbM6iqTw7oGHTYm2lw,Drake,3TVXtAsR1Inumwj472S9r4,Sampha,2WoVwexZuODvclzULjPQtm
Portland,2bjwRfXMk4uRgOD9IBYl9h,Drake,3TVXtAsR1Inumwj472S9r4,Quavo,0VRj0yCOv2FXJNP47XQnx5,Travis Scott,0Y5tJX1MQlPlqiwlOH1tJY
Sacrifices,0xl1w2q4VLojeXp4JfazPL,Drake,3TVXtAsR1Inumwj472S9r4,2 Chainz,17lzZA2AlOHwCwFALHttmp,Young Thug,50co4Is1HCEo8bhOyUWKpn
KMT,2jTujnt0y344ai1rNOywgr,Drake,3TVXtAsR1Inumwj472S9r4,Giggs,3S0tlB4fE7ChxI2pWz8Xip
Glow,28irpKCCK9nn9DZSik2zEx,Drake,3TVXtAsR1Inumwj472S9r4,Kanye West,5K4W6rqBFWDnAN6FQUkS6x
Since Way Back,5JUu0unA8VwhTZ9LkMWUVI,Drake,3TVXtAsR1Inumwj472S9r4,PARTYNEXTDOOR,2HPaUgqeutzr3jx5a9WyDV
Ice Melts,7bJ4mu7MHa3rHiNyKjOoSl,Drake,3TVXtAsR1Inumwj472S9r4,Young Thug,50co4Is1HCEo8bhOyUWKpn
With You,3aJkV6DUTSCqOwVwaBDG9B,Drake,3TVXtAsR1Inumwj472S9r4,PARTYNEXTDOOR,2HPaUgqeutzr3jx5a9WyDV
Faithful,2qLcJOLrh6Djda4uLbldSA,Drake,3TVXtAsR1Inumwj472S9r4,dvsn,7e1ICztHM2Sc4JNLxeMXYl,Pimp C,7v9bFXCdSMA2o3gS4nvp0F
One Dance,1zi7xx7UVEFkmKfv06H8x0,Drake,3TVXtAsR1Inumwj472S9r4,Wizkid,3tVQdUvClmAT7URs9V3rsp,Kyla,77DAFfvm3O9zT5dIoG0eIO
Grammys,5e574bhjycX1eH2l4Auage,Drake,3TVXtAsR1Inumwj472S9r4,Future,1RyvyyTE3xzB2ZywiAwp0i
Too Good,3BtuIIrQlkujKPuWF2B85z,Drake,3TVXtAsR1Inumwj472S9r4,Rihanna,5pKCCKE2ajJHZ9KAiaK11H
Summers Over Interlude,3ppVO2tyWRRznNmONvt7Se,Drake,3TVXtAsR1Inumwj472S9r4,Majid Jordan,4HzKw8XcD0piJmDrrPRCYk
Digital Dash,0v0QJqLvo3tnqwYLdLqdza,Drake,3TVXtAsR1Inumwj472S9r4,Future,1RyvyyTE3xzB2ZywiAwp0i
Big Rings,3dnM2j3WBCn2biJgiuxhnB,Drake,3TVXtAsR1Inumwj472S9r4,Future,1RyvyyTE3xzB2ZywiAwp0i
Live From The Gutter,5XdFLE07JRgMk5LLSjjmAT,Drake,3TVXtAsR1Inumwj472S9r4,Future,1RyvyyTE3xzB2ZywiAwp0i
Diamonds Dancing,4HP4mKLUCZcoHlZAWvdhRN,Drake,3TVXtAsR1Inumwj472S9r4,Future,1RyvyyTE3xzB2ZywiAwp0i
Scholarships,6DGV9o1qFcx18O6uRIeCBM,Drake,3TVXtAsR1Inumwj472S9r4,Future,1RyvyyTE3xzB2ZywiAwp0i
Plastic Bag,3MTZYvIcZXwmc8tFrAr9bA,Drake,3TVXtAsR1Inumwj472S9r4,Future,1RyvyyTE3xzB2ZywiAwp0i
I'm The Plug,67KJIWrUpIG3ONOpZpvVbR,Drake,3TVXtAsR1Inumwj472S9r4,Future,1RyvyyTE3xzB2ZywiAwp0i
Change Locations,1CEPBDQk2rU9bIBwcsXkOM,Drake,3TVXtAsR1Inumwj472S9r4,Future,1RyvyyTE3xzB2ZywiAwp0i
Jumpman,6ApJN7sbsgAKwO29JbSLiK,Drake,3TVXtAsR1Inumwj472S9r4,Future,1RyvyyTE3xzB2ZywiAwp0i
Preach,1OHoBC4icbuNhpSxP400sv,Drake,3TVXtAsR1Inumwj472S9r4,PARTYNEXTDOOR,2HPaUgqeutzr3jx5a9WyDV
Wednesday Night Interlude,6oLHyWvmk6bKrA91EIYZBp,Drake,3TVXtAsR1Inumwj472S9r4,PARTYNEXTDOOR,2HPaUgqeutzr3jx5a9WyDV
Used To,63p3Slj0shAFP0Q7dQetj5,Drake,3TVXtAsR1Inumwj472S9r4,Lil Wayne,55Aa2cqylxrFIXC767Z865
Company,6ImxYXeLDQPIv4qo7bMhSk,Drake,3TVXtAsR1Inumwj472S9r4,Travis Scott,0Y5tJX1MQlPlqiwlOH1tJY
From Time,2WC4sK0ryyysQhtDok9Ytr,Drake,3TVXtAsR1Inumwj472S9r4,Jhené Aiko,5ZS223C6JyBfXasXxrRqOk
"Hold On, We're Going Home",6jdOi5U5LBzQrc4c1VT983,Drake,3TVXtAsR1Inumwj472S9r4,Majid Jordan,4HzKw8XcD0piJmDrrPRCYk
305 To My City,5wTRsfZKeaQnQn8JeW8QYQ,Drake,3TVXtAsR1Inumwj472S9r4,Detail,4sglKanXuoU0gqGYP3wiNv
Too Much,5LnXWeA9tuWKI2C1H74iiJ,Drake,3TVXtAsR1Inumwj472S9r4,Sampha,2WoVwexZuODvclzULjPQtm
Pound Cake / Paris Morton Music 2,4RI9eX7jNcdaQOJifn7t6z,Drake,3TVXtAsR1Inumwj472S9r4,JAY-Z,3nFkdlSjzX9mRTtwJOzDYB
All Me,5ngydCLbzCEdtu8SEOXhPU,Drake,3TVXtAsR1Inumwj472S9r4,2 Chainz,17lzZA2AlOHwCwFALHttmp,Big Sean,0c173mlxpT3dSFRgMO8XPh
Crew Love,0V4l4GQhgnWQGtCWpvA7va,Drake,3TVXtAsR1Inumwj472S9r4,The Weeknd,1Xyo4u8uXC1ZmMpatF05PJ
Take Care,124NFj84ppZ5pAxTuVQYCQ,Drake,3TVXtAsR1Inumwj472S9r4,Rihanna,5pKCCKE2ajJHZ9KAiaK11H
Buried Alive Interlude,1ZyudLFv35SRvY5SvTZqJx,Drake,3TVXtAsR1Inumwj472S9r4,Kendrick Lamar,2YZyLoL8N0Wb9xBt1NhZWg
We'll Be Fine,7udsBKuqnJ5csWTAkR0vEI,Drake,3TVXtAsR1Inumwj472S9r4,Birdman,35sCXuy5gN6Or69rZ9vqBs
Make Me Proud,7yfg0Eer6UZZt5tZ1XdsWz,Drake,3TVXtAsR1Inumwj472S9r4,Nicki Minaj,0hCNtLu0JehylgoiP8L4Gh
Lord Knows,1QBwk6GTCxVdC2hoSw9tlM,Drake,3TVXtAsR1Inumwj472S9r4,Rick Ross,1sBkRIssrMs1AbVkOJbc7a
The Real Her,74atKkOasLOVzvqB6mYgga,Drake,3TVXtAsR1Inumwj472S9r4,Lil Wayne,55Aa2cqylxrFIXC767Z865,André 3000,74V3dE1a51skRkdII8y2C6
HYFR (Hell Ya Fucking Right),0m1KYWlT6LhFRBDVq9UNx4,Drake,3TVXtAsR1Inumwj472S9r4,Lil Wayne,55Aa2cqylxrFIXC767Z865
The Motto,4Kz4RdRCceaA9VgTqBhBfa,Drake,3TVXtAsR1Inumwj472S9r4,Lil Wayne,55Aa2cqylxrFIXC767Z865
Make Me Proud - Album Version (Explicit) NEW,4ddbiiS9u4wwlHvnV3X68Z,Drake,3TVXtAsR1Inumwj472S9r4,Nicki Minaj,0hCNtLu0JehylgoiP8L4Gh
HYFR (Hell Ya F***ing Right),4fOYUGNTdCqc0mC1DkyNgi,Drake,3TVXtAsR1Inumwj472S9r4,Lil Wayne,55Aa2cqylxrFIXC767Z865
Fireworks,4pUUhsc8fmZqnsPaOSU5CP,Drake,3TVXtAsR1Inumwj472S9r4,Alicia Keys,3DiDSECUqqY1AuBP8qtaIa
Up All Night,55YHftnlehUQQJoTSLKCxj,Drake,3TVXtAsR1Inumwj472S9r4,Nicki Minaj,0hCNtLu0JehylgoiP8L4Gh
Fancy,238Sekyg7DyN2XDm0z4oWY,Drake,3TVXtAsR1Inumwj472S9r4,T.I.,4OBJLual30L7gRl5UkeRcT,Swizz Beatz,2cADQgiLMjNhbsfeN52Bf3
Shut It Down,4BDgGQXx7jO2JgC7bpFsIv,Drake,3TVXtAsR1Inumwj472S9r4,The-Dream,1W3FSF1BLpY3hlVIgvenLz
Unforgettable,0XhOgqDKTQJhGfD1WBuTdC,Drake,3TVXtAsR1Inumwj472S9r4,Jeezy,4yBK75WVCQXej1p04GWqxH
Light Up,23Cx5Jv0bsCMoUnoygy5jy,Drake,3TVXtAsR1Inumwj472S9r4,JAY-Z,3nFkdlSjzX9mRTtwJOzDYB
Miss Me,53VIWPPMz9S7ob0D8JxF9N,Drake,3TVXtAsR1Inumwj472S9r4,Lil Wayne,55Aa2cqylxrFIXC767Z865
Me Porto Bonito,6Sq7ltF9Qa7SNFBsV5Cogx,Bad Bunny,4q3ewBCX7sLwd24euuV69X,Chencho Corleone,37230BxxYs9ksS7OkZw3IU
Tarot,41oY4WCTj5kccfesTVFnvN,Bad Bunny,4q3ewBCX7sLwd24euuV69X,Jhay Cortez,0EFisYRi20PTADoJrifHrz
La Corriente,1797zYiX4cKosMH836X9Gt,Bad Bunny,4q3ewBCX7sLwd24euuV69X,Tony Dize,3LKXWvXFWrkwUzJWxzwVpW
Party,4tYFy8ALRjIZvnvSLw5lxN,Bad Bunny,4q3ewBCX7sLwd24euuV69X,Rauw Alejandro,1mcTU81TzQhprhouKaTkpq
Ojitos Lindos,3k3NWokhRRkEPhCzPmV8TW,Bad Bunny,4q3ewBCX7sLwd24euuV69X,Bomba Estéreo,5n9bMYfz9qss2VOW89EVs2
Otro Atardecer,0E0DRHf5PfMeor0ZCwB3oT,Bad Bunny,4q3ewBCX7sLwd24euuV69X,The Marías,2sSGPbdZJkaSE2AbcGOACx
Andrea,44XjoNvtwevktFKjvVe1vH,Bad Bunny,4q3ewBCX7sLwd24euuV69X,Buscabulla,0MoaBi6dSquXp6rrlqlF8R
LA NOCHE DE ANOCHE,2XIc1pqjXV3Cr2BQUGNBck,Bad Bunny,4q3ewBCX7sLwd24euuV69X,ROSALÍA,7ltDVBr6mKbRvohxheJ9h1
SORRY PAPI,5jZ32WOU7sqzDYbzINwMUk,Bad Bunny,4q3ewBCX7sLwd24euuV69X,ABRA,3ZJxEmjYZd5VOqZ8o3aXiL
MÁS DE UNA CITA,4EJHKSnHENfjOxXWryyNtL,Bad Bunny,4q3ewBCX7sLwd24euuV69X,Zion & Lennox,21451j1KhjAiaYKflxBjr1
CANCIÓN CON YANDEL,3pm4XtcsRIFFtH2UErk62R,Yandel,0eHQ9o50hj6ZDNBt6Ys1sD,Bad Bunny,4q3ewBCX7sLwd24euuV69X
PA' ROMPERLA,5XqCz18k96K8tx6DAYM97i,Bad Bunny,4q3ewBCX7sLwd24euuV69X,Don Omar,33ScadVnbm2X8kkUqOkC6Z
BAD CON NICKY,5bmSver2b3ZXyuyLKtgnFI,Bad Bunny,4q3ewBCX7sLwd24euuV69X,Nicky Jam,1SupJlEpv7RS2tPNRaHViT
CÓMO SE SIENTE - Remix,6KFjMJJq8UZpfUyDgeH0Yl,Jhay Cortez,0EFisYRi20PTADoJrifHrz,Bad Bunny,4q3ewBCX7sLwd24euuV69X
EN CASITA,2DhNdoHxavs7Qtf5MnhZD0,Bad Bunny,4q3ewBCX7sLwd24euuV69X,Gabriela,1A8aoDrchH5aefQYBCfpLv
La Santa,69vlMrzHwATKzupwNcUPyK,Bad Bunny,4q3ewBCX7sLwd24euuV69X,Daddy Yankee,4VMYDCV2IEDYJArk749S6m
Bichiyal,4j4w4CXm6BSr0s25wAWrrX,Bad Bunny,4q3ewBCX7sLwd24euuV69X,Yaviah,0Y30TbA4p8SAfCzy2AFBa8
Que Malo,53v2u51nq3CxiKUNphRzP1,Bad Bunny,4q3ewBCX7sLwd24euuV69X,Ñengo Flow,12vb80Km0Ew53ABfJOepVz
Una Vez,5J7teKIJGtqVypgYI6sqXj,Bad Bunny,4q3ewBCX7sLwd24euuV69X,Mora,0Q8NcsJwoCbZOHHW63su5S
Safaera,2DEZmgHKAvm41k4J3R2E9Y,Bad Bunny,4q3ewBCX7sLwd24euuV69X,Jowell & Randy,4IMAo2UQchVFyPH24PAjUs,Ñengo Flow,12vb80Km0Ew53ABfJOepVz
Está Cabrón Ser Yo,4saHEjXw7O1NXJOzBkUKKG,Bad Bunny,4q3ewBCX7sLwd24euuV69X,Anuel AA,2R21vXR83lH98kGeO99Y66
Puesto Pa' Guerrial,5gCg2qMPzKkW4jS4dBKdDs,Bad Bunny,4q3ewBCX7sLwd24euuV69X,Myke Towers,7iK8PXO48WeuP03g8YR51W
P FKN R,0fgsKar6uBO08vzHXkTjWi,Bad Bunny,4q3ewBCX7sLwd24euuV69X,Kendo Kaponi,1WMwuNKzEFtU6pPkdtryYS,Arcangel,4SsVbpTthjScTS7U2hmr1X
Hablamos Mañana,1V8XneTrX6kKeoxYbk4x6h,Bad Bunny,4q3ewBCX7sLwd24euuV69X,Duki,1bAftSH8umNcGZ0uyV7LMg,Pablo Chill-E,2XcZshqzPKm3iZcmt73R8D
MOJAITA,71pEiUWwfDFiRO6RmFpnBf,J Balvin,1vyhD5VmyZ7KMfW5gqLgo5,Bad Bunny,4q3ewBCX7sLwd24euuV69X
YO LE LLEGO,0uIfrUwwg0Z7KTitul7E3T,J Balvin,1vyhD5VmyZ7KMfW5gqLgo5,Bad Bunny,4q3ewBCX7sLwd24euuV69X
CUIDAO POR AHÍ,6SYSu569pfYdkDT9A5lZqi,J Balvin,1vyhD5VmyZ7KMfW5gqLgo5,Bad Bunny,4q3ewBCX7sLwd24euuV69X
QUE PRETENDES,25ZAibhr3bdlMCLmubZDVt,J Balvin,1vyhD5VmyZ7KMfW5gqLgo5,Bad Bunny,4q3ewBCX7sLwd24euuV69X
LA CANCIÓN,0fea68AdmYNygeTGI4RC18,J Balvin,1vyhD5VmyZ7KMfW5gqLgo5,Bad Bunny,4q3ewBCX7sLwd24euuV69X
UN PESO,7hynhxDoDpgMIV12JuVtNa,J Balvin,1vyhD5VmyZ7KMfW5gqLgo5,Bad Bunny,4q3ewBCX7sLwd24euuV69X,Marciano Cantero,5QzDzXfXC5lepOBeQXBiVO
ODIO,7alOsNr36sJ8CyOEP4aILq,J Balvin,1vyhD5VmyZ7KMfW5gqLgo5,Bad Bunny,4q3ewBCX7sLwd24euuV69X
COMO UN BEBÉ,7knLcYCOSaURD0d7HUULFM,J Balvin,1vyhD5VmyZ7KMfW5gqLgo5,Bad Bunny,4q3ewBCX7sLwd24euuV69X,Mr Eazi,4TAoP0f9OuWZUesao43xUW
200 Mph,5jGUJXnELDaDTgiRjD9lsg,Bad Bunny,4q3ewBCX7sLwd24euuV69X,Diplo,5fMUXHkw8R8eOP2RNVYEZX
La Romana,1khmgu0pveJbkbpbkyvcQv,Bad Bunny,4q3ewBCX7sLwd24euuV69X,El Alfa,2oQX8QiMXOyuqbcZEFsZfm
MIA,3gE4eQH3K83Sght0ZLvuBK,Bad Bunny,4q3ewBCX7sLwd24euuV69X,Drake,3TVXtAsR1Inumwj472S9r4
